"TimeSpan","BlueTeam.min","RedTeam.min","OppositeTeam.min","BlueTeam.median","RedTeam.median","OppositeTeam.median","BlueTeam.max","RedTeam.max","OppositeTeam.max"
1,NA,NA,NA,NA,NA,NA,NA,NA,NA
2,NA,NA,NA,NA,NA,NA,NA,NA,NA
3,NA,NA,NA,NA,NA,NA,NA,NA,NA
4,NA,NA,NA,NA,NA,NA,NA,NA,NA
5,NA,NA,NA,NA,NA,NA,NA,NA,NA
6,NA,NA,NA,NA,NA,NA,NA,NA,NA
7,6,NA,NA,6,NA,NA,6,NA,NA
8,3.5,25.3,154.4,6,25.3,169.35,6.5,25.3,184.2
9,5,32.6,146.2,5.1,32.6,164.5,9,32.6,183.1
10,5.8,34,141.4,7,34,158.4,12.2,34,176.7
11,5.9,5,139.3,12.9,17.2,164,21.2,33.4,183.8
12,8.2,5,137.8,14.1,15.2,158.6,24.2,30.3,179
13,8.6,5,136.4,12.65,15.65,153.05,24.2,29,170.3
14,6.7,5.1,134.1,14,21.05,151.3,25.9,39.2,176.9
15,5.6,6.4,136.3,12.2,19.4,144.4,20.6,37.2,167.9
16,5.7,8.5,132.2,8.8,18.6,139.35,16.3,33.7,159
17,5.6,6.7,125.6,7.65,22.9,135.2,11.8,32.5,156.2
18,3.6,4.7,116.7,6.55,25.05,131,10.9,31.4,153.4
19,3.5,7.4,115.9,6.1,25.2,128.5,10.3,30.8,150.6
20,2.8,13.2,111.5,7.4,23.75,128.25,10.3,35.4,147.8
21,2.8,13.2,107,5.65,19.6,127.3,10.2,33.6,145
22,3.5,8.6,102.6,5.75,22.85,128.3,10.8,37.1,142.2
23,4.2,8.6,98.4,12.7,27.05,128.3,25.3,40.7,160.9
24,5,7.1,93.7,15.9,31.5,128,24.2,44.3,155.3
25,4.9,14.5,87.6,15,30.1,127.6,21.6,47.8,149.6
26,4.4,16,81.6,14.4,32.15,127.2,19.9,53.1,144.1
27,3.9,15,75.6,13.6,34.35,126.6,20.9,61.1,138.5
28,3.2,14.2,69.6,14.25,35.9,125.4,21.9,65.1,135.9
29,2.6,13.3,63.8,15.65,34.55,124.3,23,69.3,136.4
30,1.8,12.4,58,17.55,33.25,121.9,24.2,73.8,136.9
31,1,9,52.3,19.8,33,117.3,25.4,78.4,137.4
32,1.8,8.5,50.4,21.7,34.55,117,26.7,74,137.7
33,1.5,7.1,49.5,26.55,32.9,113.9,28.1,68.7,138.2
34,5.4,5.9,49.3,24.7,33.35,111.5,30.7,65.6,138
35,6.9,4.8,48.5,24.05,32.9,109.7,34,60.1,137.4
36,8.2,3.5,45.6,27.35,33.6,105,37.3,56.9,136.8
37,9.9,2.5,43.2,31.85,33.5,106.4,40.7,57.4,136.2
38,11.4,5.1,41.2,31.25,33.05,103.8,44.1,58.7,135.7
39,10.8,2.2,39.8,32.7,29.5,99.6,48,60.7,135.6
40,9.7,2.8,39.1,35.9,29.1,91.2,50.2,63.3,133.8
41,7.8,2.8,40.6,38.65,32.8,83,47.8,65.8,126.5
42,4.5,2,44.2,40.35,36.65,75.5,49.7,68.7,124.5
43,6.4,5.1,39,43.05,40.65,73.8,52.1,74,124.7
44,8.8,10,34.3,42.65,45.5,73,55.3,81.2,127.4
45,5.1,10.1,28.3,42.9,46.2,69.1,58.8,84.8,129.7
46,3.4,13.3,22,39.3,48.1,65.9,62.5,88.6,132.5
47,0.4,15.8,18.5,38.4,51.15,62.3,65,93.5,135.8
48,3.9,15.8,11.7,36,53.2,57.2,70.9,97.4,138.3
49,7.6,15.8,12.2,34.8,55.95,52.6,76.9,100.6,139.9
50,9.1,9.9,13,37.1,56.1,52.6,77.8,103.6,139.8
51,7.5,9.2,11.7,35.25,57.1,49.7,76.3,107.7,135.6
52,5,5.4,9.2,34.5,53.15,48.8,68.4,110,129.9
53,2.8,7.3,12.6,34.95,50.15,48.3,61.9,114.2,125.6
54,3,5.8,16.5,33,52.65,47,57.5,119.4,121.3
55,4.2,7.6,13.3,29.5,56.7,47.1,56.3,122.7,115.9
56,7.6,10.8,14.2,29.15,59.35,42.3,55.8,128.1,110.9
57,6.4,13.4,10.8,29.15,60.75,38.5,53.5,123.2,101.6
58,8.1,8,9.4,26.45,60,38.6,44.3,122.3,96.6
59,3.4,4.4,6.1,24.05,53.65,35.5,35.2,118.5,88.4
60,3,5.7,3.2,21.35,46.8,37.4,28.3,114,78.7
61,4.8,3.6,2.8,23.25,48.6,32.6,27.3,114.8,75.2
62,6.5,1,12,19.5,53.6,30.2,24.5,117.8,76
63,1,2.2,12.2,17.45,57,24.2,23,117.7,75
64,3.7,5,6.3,16.9,57.6,23.2,23.5,118.3,74.1
65,7.8,7.1,2.8,15.4,58.55,23.7,27.2,122,76.2
66,8.5,9.6,6.4,13.05,60.75,22.6,23.6,125.4,79.1
67,5.3,7.6,3.3,20.1,56.95,25.3,27.8,128,87
68,5.1,3.6,3,21.4,55.35,24,28.8,131.5,91.2
69,5,13,2,21.7,58.5,24.7,28.8,133.4,93
70,1,8.6,1.8,18.9,58.2,26.7,31.9,133.2,90.1
71,2.2,5.8,1,23.25,57.6,25.5,30.4,132.9,88.9
72,2,12.7,5,24.2,58.9,31.8,28.4,131.5,88.5
73,2,10.6,4.5,23.25,60.25,32.5,33.2,130.2,91.9
74,3.4,18.4,5,24.65,65.5,38.55,37,128.9,92.7
75,5.1,21.5,13.6,23.25,64.75,39.1,40.2,128.6,96.6
76,2,19.4,14.8,22.7,64.95,36.05,37.2,128.4,98
77,4.9,19.3,9.9,19.95,64.5,33,40.5,127.6,100
78,6.3,17.6,9.5,19.55,64.45,36.05,43.9,126.9,104.5
79,6.5,13.9,9.7,14.95,64.4,43.9,47.4,126.1,109.1
80,5.8,17.1,5.4,13.55,64.45,45.7,45.6,126,107.1
81,5.7,12,8.6,12.7,66.4,48.8,44.5,125.9,105.2
82,4.8,9.1,15.7,12.65,65.7,49.4,43.7,125.8,103.5
83,1.6,17.3,15.7,13.2,65.2,50.05,40.3,125.8,102
84,5,17.4,13.3,15.85,65.55,49.85,43.7,125.6,100.7
85,9.2,17.2,8.6,21.9,65.7,50.05,46.1,125.6,99.6
86,6.4,21.4,9,23.95,66.25,52.35,47.7,124.6,98.7
87,10,30.1,9.4,28.7,65.9,55.4,54.6,123.6,98
88,7.1,35.2,14.4,32.35,67.05,53.8,51.3,125.2,93.3
89,8.6,32.8,14.7,32.55,67.05,53.1,50.3,124.9,88.6
90,8,26.6,17.4,33,67,52.2,50.3,124.6,89.9
91,6,20.6,20.2,32.45,82.4,57,52.8,124.3,118.7
92,3.3,16.3,16.2,32.25,81.25,60.4,61.7,126.4,111.8
93,9.6,17,19,35.35,82.35,62.2,70.6,130.2,107.1
94,12.9,17.5,18.2,39.8,83.45,66.5,79.5,131.1,113
95,9.6,13.4,13,44.1,81.1,65,87.9,128.2,115.8
96,3.6,9.3,8.5,47.15,77.3,63.2,96.5,127.8,119.3
97,3.6,7.7,6.4,52.8,74.6,60.5,105.3,127.6,123
98,5.8,4.3,10.4,57.6,73.05,66.3,113.7,128.6,126.9
99,3.5,4.3,11.7,59.75,71,64.9,119,128.7,128.1
100,3.5,5.2,8.5,62.4,68.3,62.9,124,128.7,128.4
101,4.2,2,7.2,59.3,66.3,60.5,121,126.3,125.1
102,7.1,2.2,3.6,60.45,64.35,64.4,124.2,125.9,125.9
103,5.1,5.5,2.8,63.65,65.55,64.2,127.4,129.3,131
104,5.1,4.5,3,64.25,66,64,129.8,129.1,132.1
105,6.4,3.6,4.1,62.75,64.8,63,130,129.2,130.5
106,6.1,3,3.6,64.2,63.1,62.6,130,128.9,131.4
107,7.5,3.6,2.2,61.85,65.15,63.6,130.9,130.9,131.6
108,10.4,3.2,2.2,61.85,66.65,63.3,131.8,131,131.7
109,6.7,3,3,62.2,67,63.05,129.6,131.1,130.8
110,8.1,3,2,60.8,68.95,63.1,128.6,133.2,131.2
111,9.8,1.1,10.1,53.45,67.65,61.15,68.1,132.6,127.6
112,7.9,4.2,10.1,54.1,67.25,62.25,67.7,132,126.9
113,7.2,3.2,11.7,55.25,65.4,60.95,68.1,129.1,125.2
114,7,2.5,5.4,57.2,63.55,59.9,66.6,124,123.4
115,5.6,2.2,3.6,58.3,63.5,60.25,67.2,123,122.4
116,4.4,1.6,3.1,63.05,62.8,57.8,67.7,125,123.1
117,3.6,5,2.9,63.1,63.1,62.05,68.4,128,125.2
118,3.6,9,1.6,63.05,60.8,62.8,70.1,125.7,127.1
119,2.1,6.5,1.6,66.5,57.55,60.2,69.1,120.1,123.1
120,3.5,1.8,0.3,67.65,56,67.6,118,122,122
121,4.1,1.4,2.2,66.9,56.5,66.3,116,120,122
122,2.8,0.5,7.8,67.3,53.45,72.7,118.7,57.6,126.8
123,2.8,1.4,11.2,68.15,56.2,70.95,117.2,58.6,124.7
124,6.7,2.7,11.7,70.9,56.4,70.05,115.6,62.6,125
125,9.8,5.8,16.8,67.55,59.45,66.55,115.6,66.6,123.7
126,6.9,2.8,16,65.2,63.6,65.15,115.4,67.4,123
127,4.2,2.9,15.5,66.5,64.5,63,117.4,65.3,124
128,2.5,7.2,11.1,68.75,58.4,59.55,120.9,64.3,125
129,3,8.6,4.1,68.25,59.5,57.95,122.8,61.5,126
130,5.8,6.7,7.6,67.7,56.05,57.75,124.8,61.7,127
131,1.4,8.5,7.2,68.5,58.15,60.4,127,65.3,129
132,5.4,5.1,11.2,64.8,59.2,61.9,128.5,65.3,133.1
133,10,2,13,61.4,56.25,61.55,127.4,59,128.2
134,8.5,2.7,11,61.15,58.05,61.75,124.9,61,128.2
135,9.6,1.8,4.5,62.15,58.35,60.8,126.3,59.9,126
136,6.1,4.1,10,64.05,57.7,62.5,133.7,62.7,127.7
137,2,5.1,9.4,64.05,59.15,62.85,133.3,67.4,128.3
138,6.4,6.1,8.5,62.05,59.5,63.4,132.8,69.2,128.9
139,9.5,2.8,7.2,60,65.2,68.3,132.4,125.2,132
140,7.3,2.2,5.8,60.2,65.7,69.3,132.3,124.1,130.6
141,3.2,2.7,7.2,63.15,61.9,66.5,132.2,122.1,129.3
142,1.8,4,5.6,63.55,64.3,65.6,134.1,118.4,130.9
143,5,4.8,2.2,62.65,66.75,65.8,130.4,118.7,128.8
144,5.7,5,2.2,63.55,65.85,64.7,133.9,119,130
145,9.8,5.4,6.3,62.4,64.3,67.7,133.1,119.7,131.2
146,4.2,2.2,6.1,62.3,66.15,67.1,132.3,121.2,132.8
147,4.2,3.9,5.1,60.65,68.8,68.6,130.8,123,135.2
148,4.5,1.4,0.8,61.4,66.15,68.35,131.2,122.8,132.7
149,6.6,4.6,1.4,66.65,66.45,65.55,134.8,122.5,134.7
150,4.5,0.8,7.1,66.25,68.85,64.1,135.1,123.3,135.4
151,2,2.2,11,68.05,69.4,65.2,135.8,124.8,136.4
152,1.1,3,10.1,67.35,66.45,64.5,137.5,126.3,138.6
153,5.4,4,13.1,69.45,68.95,65.65,141.9,128.1,138.1
154,1.8,4.9,11,68.9,70.65,65.2,138.1,130,136.3
155,6.3,5.9,5.7,65.45,69.85,65.05,133.2,132.1,134.8
156,13.9,7,7.7,65.85,68.3,65.4,131.6,133.6,134.1
157,21.8,7.9,6.8,65.65,70.95,66.45,130.6,134.5,133.7
158,20.6,8.9,0.9,62.85,74.2,65,127.1,134.4,131.2
159,19.2,10,4,63.75,74,66.45,128.2,137.7,134.2
160,17.9,10,4.5,62.9,71.25,65.45,127,138.4,133.5
161,14.4,9.7,2.9,60.35,74.15,63.85,123.1,137.4,130.7
162,11.3,6.5,3.5,60.25,74.05,63.2,124.7,132.5,129
163,8.3,5.3,4,60.9,68.7,61.65,124,129,127.3
164,10,8,1.4,64.35,70.05,62.5,126.1,129.4,127.6
165,10.4,11.2,3.6,63.65,88.95,68.7,125,139.3,135.7
166,11.2,2.2,1.4,64.3,84.95,69.3,125.3,129.1,132.1
167,6.3,3,5.4,66.5,81.55,69.6,130,131,133.2
168,4.2,2.2,7.2,69.15,77.05,67.9,133,130,139
169,5.8,1,2.3,70.5,74.85,64.1,133,124.1,135.3
170,4.4,1,2.8,66.8,73.85,63.3,132.1,128,135.7
171,3.6,3,2,65.85,73.95,64.6,130.6,130,133.1
172,4.9,2.2,1.2,65.85,72.05,63.3,129.6,128.1,130.7
173,5,7.1,0.5,66.4,73.1,64,130.5,129.2,131
174,10.4,3.8,1.1,66.05,73.25,65.5,129.3,128,129.1
175,8,3.6,2.2,67.7,71.75,65.7,132.4,130,131.7
176,7.5,3.2,3.2,71.1,71.15,65.35,137.5,130,136.1
177,9,8.1,3.8,69.9,69.7,64.2,135.4,133.6,137.3
178,9.9,7.1,10.4,70.5,68.5,65.3,134.2,132,138.1
179,8.6,5,10,69.05,65.95,65.05,133,130,137.5
180,9,3,10.2,67.05,63.3,63.5,132.2,128.2,136.2
181,8.2,2.2,11,66.7,61.7,64.15,131.3,128.3,135.1
182,7.1,2.2,12.6,67,57,63.05,132.5,127.7,134.6
183,7.3,1.4,10.6,66.95,60.95,58.75,133.3,127.1,135
184,16,4.2,7.7,80.75,64,66,131.7,129,133.6
185,19,3.6,3.5,80.15,67.35,66.2,132.2,131.1,134.4
186,22.2,5.4,3.7,74.85,67.9,68.5,130.1,133.6,135.3
187,22.1,5.7,1.8,70.95,66.85,64.8,129.5,132.4,134.2
188,24,7.6,3.6,65.55,64.4,53.95,131.1,131.3,133.2
189,20.1,10,4.7,65.55,63.1,49.15,130.8,131.5,133.5
190,18.2,5.7,2.9,65.9,59.65,47.05,131.5,134.2,133.8
191,19.3,4.1,4.1,65.95,53.9,42.3,131.1,135,134.4
192,17.4,2.5,6.4,66.5,49.65,40.15,130.2,135.8,135.3
193,14.8,5.4,6.4,67.55,44.35,36.5,128.7,135.8,134.2
194,13.1,3,6.7,65.95,41.95,33.8,120.6,135.4,129.2
195,13.5,6.4,7.3,67.15,34.85,26.45,122.7,132.5,133.5
196,16.4,2.2,5.7,65.5,46.25,32.25,122.2,131.7,130.2
197,12.1,6.1,3.6,59.9,40.15,24.75,114,129.5,126.6
198,7.2,2,7.7,55.25,36.35,21.85,108,129.4,124.9
199,4.2,5.1,10.7,88.1,32.05,29,99.6,129.7,122.9
200,3.6,8.3,13.5,83.05,28.15,27.8,96.8,130.2,121.7
201,4.6,4.2,8.8,80.65,27.3,31.7,93.4,130.9,119.9
202,4.7,3.6,9.6,75.7,29.15,36.1,89.8,129.9,119
203,4,2,6.3,70.9,29.2,40.8,85.4,127.7,118.4
204,4.1,1.6,2,65.85,28.35,45.6,80.3,128.8,118
205,5.5,1,0.7,62.05,26.8,50.6,75.2,130.2,117.9
206,4.7,5.4,3.6,57.4,26.3,55.3,72.2,130.2,119.3
207,1,5.4,6,50.7,32.3,49.2,67.4,131.9,119.6
208,4,4.1,7.2,44.3,39.3,43.4,62.9,134.1,120.1
209,2.1,4.5,14.1,39.35,39.95,42.8,58.7,134.2,120.9
210,2.2,6.5,15.3,35.8,42.55,37.4,55.2,134.3,121.9
211,2,5.7,10.3,28.7,41.1,31.3,48.3,132.1,125.1
212,2.2,4,7.2,26.15,39.5,28.9,46.6,132.3,125
213,2.3,3,6,24,39.6,25.6,45.3,132.9,124.8
214,4.1,4,5.1,19.1,41.7,30,45.1,136.1,124.7
215,3.2,5.2,8.9,14.85,41.05,28,46.3,136.1,124.5
216,3.6,4.5,9.4,11.2,37.75,27.1,43.8,137.8,122.4
217,5.5,2.9,2.1,10.6,35,28.3,42,133.6,120.3
218,4,1.9,3.2,16,35.05,28.5,42.2,133.4,120.7
219,6,1,2.2,19.35,36.75,28.8,43.4,133.3,122.6
220,6.1,12,4.1,19.7,38.3,29.7,41.4,133.1,126.3
221,5.6,3.6,7.1,19.65,39.55,29.5,40.3,134.3,129.4
222,4,6.7,4,17.45,34.9,27.2,34.2,133.7,129.4
223,4,7,4.2,16.65,78.3,27.7,37.6,133.9,134.5
224,1,1.6,3,17.95,77.45,31.7,37.6,138.2,138.9
225,6,1.9,4.4,17.55,77.6,28.9,40.7,135.7,136.2
226,1.4,2.2,6,14.25,76.9,29.5,39.1,135.8,136.6
227,3.2,4.2,12.3,14.2,79.55,26.2,39.1,136,135.2
228,2.8,6.4,9.5,15.6,77.2,24.8,42.1,136,133.9
229,2.2,31.8,8.6,11.8,119.5,27.9,42.1,133.6,129.6
230,2.3,1.3,6.9,13.85,73.35,25.2,40.3,132.8,128.9
231,5.7,4.5,9.2,14.8,76.6,21.6,38.8,132.4,128.3
232,4.2,2.5,6.7,17.1,75.15,19.4,37.1,131.5,130.5
233,4.2,0.8,2.2,18.7,74.45,22.25,33.8,130.6,132.3
234,5.2,4.2,1.7,23.7,77.55,25.3,31.3,133.1,132.3
235,4,2,1.1,24.3,79.3,25.1,30.5,133.1,132.6
236,2.2,7.5,3.2,24.45,82.85,24.25,26.4,136.1,132.9
237,1,7.3,3,19.5,78.5,18.4,21.9,133,133.1
238,0.5,27.5,2.5,13.95,127.3,24.25,15.8,130,132.1
239,1,20.4,3.6,8.5,126.4,21.4,9.5,129,132.1
240,4,15.1,2.5,6.9,124,14.4,13.8,126.8,134.2
241,3,12.2,3.6,8.2,126,13,16.4,128.5,134.4
242,3.7,11.2,2.2,8.2,120.1,13.3,14.1,126,128.1
243,2.4,13.9,1,7.2,119.2,68.1,14.4,124,138
244,5,17,1.4,12.05,110.1,18.15,16.3,117.7,129
245,2.2,19.7,2,11.3,100,19.1,17,108,118.8
246,2.2,18.4,2.8,17.05,90.5,20,98.4,97.6,173.4
247,2.2,15.3,4.5,18.35,81.1,19.7,94.8,87.3,164.5
248,5.7,78.6,10.6,18.5,78.6,82.35,91.7,78.6,155.5
249,4.1,72.9,5.1,17.1,72.9,73.2,90.5,72.9,146.5
250,4.9,65.6,4.6,14.8,65.6,63.5,86.7,65.6,137.6
251,2.1,64.4,1.7,8.25,64.4,60.45,83.4,64.4,129.2
252,2.2,63,4.1,7.6,63,58.35,80.4,63,121
253,2.1,60.8,6.7,6.45,60.8,57.2,78.1,60.8,113.1
254,2.6,NA,55.9,7.4,NA,62.5,76.9,NA,105.3
255,1.4,NA,58.6,4.1,NA,62.2,69.9,NA,97.9
256,2.2,NA,51,10.4,NA,58.9,66,NA,90.8
257,2.9,NA,54.8,8.9,NA,59.8,59.3,NA,83.7
258,6.3,NA,55.4,13.45,NA,61.7,55.5,NA,77.7
259,4.2,77.6,54.3,13.95,77.6,90.7,51.8,77.6,145.3
260,2.5,79.2,52.6,18.55,79.2,86.5,48.1,79.2,139.7
261,6.4,80.2,48.4,18.1,80.2,86.15,39.6,80.2,134
262,3.2,72.9,53,17.05,72.9,89.65,30.4,72.9,131.3
263,3.2,69.8,57.7,17.15,69.8,90.65,23.3,69.8,130.6
264,4.7,71.1,55.1,18,71.1,87.85,26.5,71.1,129.7
265,9.1,72.5,52.1,17.4,72.5,85.65,34.5,72.5,129
266,6.5,68.1,53.1,22.9,68.1,85.25,43,68.1,128.2
267,2.5,61.6,56.2,31.65,61.6,86.35,48.5,61.6,127.4
268,3.3,55.9,57.7,37.1,55.9,88.85,55.5,55.9,126.6
269,7.2,45,60.8,41.35,50.3,108.7,60.2,78.1,151.2
270,6.4,45.1,62.8,43.05,46.7,107.3,65.4,69.4,147.6
271,4.5,50.3,53,54.95,50.4,100.8,108.9,70.4,165.6
272,5.5,46.3,52.5,54.3,55.1,95.2,106.6,64.2,157.6
273,5.3,44.9,51.9,53.65,58.5,91.4,105.1,60.1,149.6
274,6.3,51.3,44.6,53.3,58.3,85.6,103.8,65.2,141.7
275,6.8,50.3,39,51.85,59.1,80.8,102.7,70.6,134.1
276,7.4,34.1,40.4,53.15,64.35,98.85,104.4,81.7,155.4
277,8.1,37.6,35.1,55.1,65.15,95.45,107.3,81.8,149.6
278,8.8,41.8,34.8,60.3,67.05,92.5,110.5,87.7,144.9
279,9.6,44.5,36.7,66,65.95,89.45,114.6,92.8,140.1
280,7.2,45.2,35.5,69.85,68.85,87,114.2,94.2,134.5
281,5.3,46.2,36.1,67.25,69.95,84.45,113.2,97.1,127.7
282,8.4,48,36.1,64,66.75,82.5,112.7,100.2,125.3
283,13.1,34.7,33.8,61.7,65.35,80.6,111,102,126
284,14.8,35.2,28.4,62,62.65,77.6,106.2,100.3,125
285,12.7,35.3,21.7,62.75,61.65,69.7,103.7,103.2,125
286,12.6,35.4,16.7,62.3,60.9,69.9,102.8,108,126.1
287,13.7,34,12,60,60.15,66.4,101.6,105.9,118.5
288,15.9,25.8,7.3,58.25,58,64,101,103.9,111.3
289,16.3,19.9,6.7,55.2,56,59.7,100.4,103,110.8
290,15.1,17.1,5.7,53.5,52.85,59.6,100.2,105.2,110.3
291,17,18.9,10.1,52,49.05,60.3,100.9,107.6,109.9
292,12.9,16.5,6.4,53.7,48.25,55.7,103.2,112.7,109.4
293,10.6,7.2,9.9,51.4,47.85,52,103.8,114.7,109
294,11,7.6,16.5,48.95,47.05,47.5,105.4,112.9,108.6
295,12.6,6.7,16.2,45.3,47.9,42.3,102.5,114.3,108.1
296,15.2,3.6,15.3,44.75,48,47.6,100,119.4,107.7
297,17.4,3.8,7.9,44.25,47.15,43.6,98.2,121.7,106.6
298,19.1,5.7,4.5,44.8,48.4,42,96.9,126.1,105.6
299,20.3,4.1,2.2,44.05,46.45,40.7,94.1,122.5,101.6
300,17,2.8,1,44.5,44.1,41.5,91,124.7,97.3
301,19,5,1,41.5,46.45,42.2,83,126.8,94.3
302,17.5,5.4,3,37.7,45.35,43,74.9,125.5,90.7
303,11.9,11.7,3.9,32.95,46.25,42.1,66.7,123.8,86.7
304,7.3,8.2,3.9,29.8,47.2,41.8,61.1,123.9,84.9
305,3.2,4,4.6,27.45,47.9,42.8,57.6,124,85
306,2.2,1.7,2,22.5,50.85,37.9,51.7,124.2,84.2
307,3.5,5,1.2,18.65,52.25,30.1,45.8,123.6,83.4
308,5.2,10,1,16.05,54.05,23.8,39.9,121.8,82.7
309,6.2,6.5,3.8,14,58.65,21.4,34.2,122.8,82.6
310,2,7.2,2,10.3,59.25,20.6,28.6,124.5,85.7
311,2.8,17.4,4.1,10.9,68.9,38.15,26.9,127.5,91.4
312,3.2,18.3,8.1,12.7,70.1,35.05,26.5,132.2,98.7
313,8.5,21.3,6.1,15.35,68.75,31.35,27,131.1,102.3
314,10,21.4,3.6,20,67.05,28.75,34,130,104.9
315,5.8,20.6,3,21.95,66.95,30.75,34.2,127.2,100.4
316,4.2,17.2,5,16.65,67,30.85,26.6,128,96.5
317,5,20,12,11.2,68.75,33.6,17.9,129.3,94.3
318,2,23.1,11.3,8.1,70,36.9,16.5,130.6,97.9
319,2.2,19.9,9,9.95,69.65,35,16.6,130.4,99.2
320,3.2,17.8,9.2,11.45,69.55,33.15,16.4,130.2,96.5
321,3.7,18.4,4,10,71.35,33.2,15.6,134.1,99.9
322,2.1,63.8,15.6,11.25,97.2,50,16.6,132.9,101.3
323,2.2,59.2,12.6,10.9,97.7,49,15.5,131.7,98.8
324,1,54.6,9.5,6.7,98.3,48,14,130.5,98.3
325,1,59.9,14.3,8.9,95.7,46.2,15.2,129.4,97.7
326,4,64.4,14.3,11,95.8,43.1,19,128.2,98.7
327,3.4,67.6,15.7,9.1,97,43.8,22.3,127.3,99.8
328,4.6,62.4,7.6,9.25,95.7,46.8,21.9,126.4,101.4
329,1.6,60.7,5,9.6,95.9,47.8,20.6,125.6,100.1
330,1.4,61.9,5.7,9,95.4,50.1,18.9,124.7,99.7
331,2.2,62.2,8.5,6.1,97.6,49.2,17.5,130.1,107.6
332,2.2,69.4,8.9,7.1,97.9,55.6,16.4,132.4,104.4
333,2.7,54.3,8.6,9.4,106.85,63.7,16.3,142.6,100.6
334,1.8,47.3,8.5,10.5,104,60.95,21.1,137.7,98.1
335,1,39,8.5,17,102.8,58.25,27.4,131.3,99.6
336,2.5,31.1,9.2,21,101.8,56.8,33.1,129.5,98.5
337,6.2,22.7,12.2,22.6,102.4,55.55,34.9,129.3,99.6
338,7.4,13.9,9.5,21.7,102.45,55.6,43.4,129.1,99.9
339,7.1,10.5,9.8,22.2,100.6,54.3,43.3,129.1,102.5
340,2.2,10.8,10.2,23.8,97.25,54.5,43.2,128.9,105.3
341,2.1,4.1,14.6,23.05,93.35,57.8,45.1,128.6,108.4
342,6,4,11.8,24.9,89.35,55.15,49,128.4,111.7
343,10,4,9.8,26.8,85.25,53.55,53,128.3,115.3
344,9.9,4.1,8.2,29,85.25,60.5,55.3,137.8,123.8
345,7.3,4.5,10.2,26.55,80.05,60.2,49.9,130.2,122.8
346,1.5,2,16.3,25.3,74.75,62.6,50.6,125.6,118.2
347,4.6,1.5,12.2,24.4,68.9,63.1,48.7,122.6,118
348,7.7,1,9.1,24.3,68.55,61.5,48.2,122.7,119.6
349,8,2.2,6.7,24.55,66.85,62,48,120.4,121.4
350,5.4,1,5.2,25.15,66.8,64.8,43,118,118.8
351,6.3,1.4,0.7,29.75,67.6,67,44,115.9,117.2
352,5,3.2,2,30.85,68.05,64.3,50,113.7,115.6
353,0.5,5.1,1.9,28.2,66.3,61.8,53,109.6,110.4
354,3.7,6.1,2,25.4,64.95,60.8,59,105.5,107.6
355,2,5,2.5,22.7,64.75,62,63.1,100.5,104.8
356,1.6,2.5,3.2,17.45,65.85,62.5,67.6,95.6,100.1
357,1.4,3.6,3.2,12.35,66.85,65.3,70.2,91.4,95.3
358,1.6,3.6,7.6,9.1,42.65,70.4,70.7,65.8,90.2
359,3.2,1.4,11.2,12.15,38.6,71.25,70.2,62.1,89.2
360,4.1,12.2,12.4,9.45,58.2,68.8,68.6,61.6,80.4
361,1.4,2.2,12.4,7.4,60.25,67.25,67.4,69,77.2
362,2.2,4,12,7.15,61,64.35,65,65.6,72.5
363,2.3,1,12,10.25,59.8,64,63.2,63.5,68.9
364,3.4,1,11.2,12.4,60.95,62.95,64,70,72.8
365,4.9,2.8,8.2,14.45,65.3,58.4,66.4,74,77.2
366,3.1,3,7.5,21.2,64.65,57.15,65.2,75.2,72.3
367,2.7,1.8,6.2,20.15,62.1,53.65,60.9,74,68.4
368,8.7,7.4,1.6,19.8,62.9,49.55,69.6,71.1,74.1
369,8.2,9.9,3.6,21.55,63.55,43.55,66.7,72,73.2
370,6.9,4,8.5,18.3,63.65,39.5,63.8,69,70.5
371,1.4,1.4,11.2,20.8,59.5,35,57.6,62.1,64.6
372,5.4,4.5,7.2,17.75,57.1,30.95,51,63,59.1
373,3.6,3.6,2.2,15.55,54.85,33.25,58.1,68,64.3
374,3.7,3.6,2,10,59.05,31.8,16.1,66.1,64.1
375,3.5,3.2,5.7,8.65,63.35,33.25,17.2,67.3,66.1
376,2.2,5.1,9.1,8.9,63.95,33.65,17.8,72.3,70.3
377,1.8,5.1,5.8,8.6,61.5,35.15,14.5,70.3,70.3
378,2.8,4.1,6.9,10.6,61.6,34.85,13.8,65.3,68.1
379,3.2,3.6,3.6,8.25,65.9,37.25,15.6,67.7,68.1
380,2.2,5,6.3,8.65,64.85,35.6,14.1,73.4,71
381,1.4,3.6,8.8,6.8,69.4,37.3,12.8,75.5,72
382,2.1,4,13.4,9.7,76.2,42.2,15.3,77.8,75.2
383,2.2,5,13,17.25,76.55,70.2,122.3,93.3,173.9
384,2.8,4.1,14.1,19.45,73.65,70,120.5,87.3,162
385,8.7,3.2,16.6,22.8,72.15,68,116.6,85.9,150.6
386,6.1,4.1,13.5,19.45,70.65,67.2,113.5,82.7,139.9
387,6.2,3.2,5,19.2,68.2,62.6,110.9,77.4,129.7
388,2.1,3.2,10.3,19.4,69.95,57.9,109.1,77.2,120.3
389,6.4,6.1,11.2,19.6,69.65,60.1,108.2,74,112.2
390,4.4,1,10.2,19.3,68.65,59.7,108.1,75.1,105.4
391,5,5,8.9,20.7,65.65,55.4,108.8,71.6,102.8
392,4.6,3.6,5.8,14.7,68.55,48,100.7,77.4,100.4
393,5.4,4.7,3.4,12,72.35,40.9,98,83.4,100
394,5.4,6.2,2.3,9.85,77.1,54.85,95.3,86.1,95.9
395,1.4,8.2,1,8.25,80.45,53.95,92.5,90.2,93.5
396,5.8,5.6,1.6,10.35,85.6,50.95,94.1,93.4,94.8
397,5.4,3,2,14.5,89.5,50.55,92,97.5,96.9
398,1.2,2.2,3.2,10.3,92.6,51,91,94.6,97.7
399,1.4,2.7,20.2,8.2,94.15,48.15,16.4,100.8,91
400,1.1,4.5,21.9,11.4,99,51,22.7,105.1,92.3
401,2.8,4.1,26,14.05,99.35,51.4,28,104.8,90
402,5.1,7.2,22.6,17.45,94.7,49.25,34.2,101.6,90.8
403,7.1,8,19.1,20.35,91.95,47.05,39.8,101.2,93.7
404,7.2,8.3,18.4,22.75,92.35,47.1,44.7,101.4,95.1
405,7.8,12.7,21.4,23.2,91.6,47.4,45.5,106,99
406,5,10.2,21.8,23.25,90.9,48,46.2,103.4,98.6
407,2,8.5,19.4,24.35,90.9,49.4,48.6,98.7,96.5
408,2.2,9.7,17.1,25.95,90.95,49.6,51.5,102.4,97
409,3,10.2,15.7,27.75,90.65,48.25,55.1,105.4,97.1
410,1.1,5.3,20.9,30.9,87.2,48.9,61.5,102.8,94
411,2.8,3.7,24.1,33.45,90.1,46.9,66.8,99.5,91.3
412,4.9,2.2,16.8,34.7,91.2,46.05,69.4,94.5,88
413,7.1,2.2,9.2,38.15,87.6,44.5,76.2,95.3,93
414,7.1,2.2,2.1,38.65,84.9,43.35,76.5,93.5,94.1
415,5.5,1.5,1,39.95,83.35,42.1,74,90.6,90.7
416,4.1,5,7.3,43.55,80.1,40.7,73.6,87.4,89.2
417,2.8,2.2,13.5,45.2,78.65,40.25,73.2,84.3,87.3
418,3.4,2.8,11.7,45.25,80.5,65.25,73.7,108.3,124.1
419,5,3.6,4.5,44.55,77,68.45,73.7,101.8,117
420,5,3.5,3.2,41.4,74.6,69.8,74.3,99.2,113.7
421,3.2,3.2,4,39.8,72.1,65.35,69.3,97.8,110.5
422,4.3,4.1,2.9,67.75,70.2,69.4,99.1,90.7,165.6
423,3.1,8.9,2.1,67.55,67.3,67.8,99.1,88.6,156.3
424,2.9,6.1,2,67.65,63.95,62.6,99.1,86.2,146.5
425,1.7,7.8,0.4,66.6,63.95,63.1,96.5,84.2,136.8
426,1,5,2.8,66.95,67.05,62.5,89.4,82.8,126.9
427,1,5.4,2.2,70.75,66.6,65.3,83.1,78.1,116.7
428,5.8,7.6,2.2,71.7,61.85,59.9,83,75.4,106.5
429,7.3,8.2,3.2,66.9,59.2,51.7,81.3,76.4,96.4
430,3,5.1,8.3,65.3,61.45,53.2,79.8,70.5,88.6
431,0.6,1.6,6.1,62.45,58.3,52.8,78.2,70.9,85.3
432,2,4.2,7.1,57.75,57.95,52,78,71.6,82.5
433,3.2,3.6,8.2,48.9,60.75,53.2,75.4,72,77.7
434,4,5,8,39.95,61.55,48.5,74.2,76,84.8
435,4.1,5,7.1,31.55,56.45,38.9,73.3,76.6,87
436,3.2,4.5,8.1,29.1,57.9,37.3,72.6,75.8,84.2
437,5.7,9.1,8,25.55,52.85,32.8,71.8,75.2,85
438,1,5,8.2,20.6,48,28.6,65.9,72.4,76.6
439,4.9,4.2,13,22.8,40.65,28,61.4,71.6,70.8
440,3.6,7.1,12,24.2,44.15,30.2,66.8,69.6,73.6
441,3.8,7.1,5,28.6,49.55,31.3,68.3,70,73.8
442,4.7,7,5.4,27.6,51.6,31.1,64.1,72.6,77.7
443,6.4,6,6.7,29.35,56.4,35.5,65.5,75.2,79.9
444,7.8,3.2,9.2,30.95,61.2,38.1,62.3,81.2,83.1
445,7.8,5.1,11.7,26.15,63.85,36.7,58.1,87.1,84.7
446,6,5.8,19.6,22.1,68.7,43.7,55.4,92.5,86.4
447,8.2,0.7,18.2,21.85,69.35,44,58.8,98.1,92.2
448,8.1,7.8,10,21.2,64.25,48.1,61.4,104,98.2
449,7.2,2.8,12.6,17.8,64.5,48.8,61.5,109.2,103
450,2.8,3.6,14,13.55,68.7,52.9,62.1,114.6,107.7
451,2.8,6.1,9,11.4,70.25,60.7,67,114.6,111.4
452,3.7,3.6,12,8,70.15,62.2,64.7,118.9,114
453,4,2.1,9.5,10.55,68.85,60.5,64.4,122.3,121
454,5,0.9,9.5,14.15,68.4,60.2,71.4,128.4,129
455,7.6,2.7,15.1,15.75,73.65,63,70.5,136.8,133.3
456,3.5,2.4,22.6,14.25,74.15,63.1,71.5,140.1,135.1
457,5.8,5.7,14.9,14.25,72.5,62,69.3,141.9,137
458,5,5.2,12,14.75,72.9,63.2,68.6,142,136.1
459,3.6,10.3,13,18.65,72.55,64.9,63.9,139.7,131.4
460,7.1,5.1,12.5,16.2,75.05,61.8,67.2,139.9,132.1
461,5,5.4,10.4,12.65,75.15,61.2,64.1,140.6,130.8
462,7.8,2.2,6.1,15.2,75,63.2,67.2,137.9,130.4
463,9.2,2.8,1.1,20.15,72.95,60.3,69.1,136.8,130.9
464,9.8,2.2,3.6,25.65,67.8,55.1,69.1,136.4,131.5
465,6.7,4.2,5.8,28.75,69.5,50.5,68.4,134.3,131.1
466,4.1,4.2,11,30.4,68.2,45.9,63.6,132.8,128
467,7.1,5.4,5.4,30.9,67.3,42.9,66.1,133.7,131.2
468,7.3,5,3.2,34.6,69.15,44.3,69.1,133.8,133.7
469,9.8,3.8,5.8,38.2,67.65,50.4,70.3,133.3,136.4
470,11.4,3.8,3.6,40.2,67.3,56.5,70.2,133.3,135.1
471,6,1.9,4.1,44.5,65.35,52.9,67,130.3,130
472,3,5.4,1.7,48.4,64.65,53.2,65.1,129.2,124
473,2.2,2.4,2.6,52.6,62.05,55.9,64,123,118
474,3.2,2.2,3.2,56.2,58.15,54.5,62.2,116,113
475,1,3,5,59.15,65.5,48.1,60.4,115,107.3
476,2.8,5,2.5,56.2,64.35,46.2,62.2,113.3,102.4
477,4,5.4,3.2,56.05,70.5,38.9,63.8,108.5,94.8
478,4,1.5,3.1,55.8,74.4,31.3,62.1,102.8,89.7
479,1.6,6.4,1,53.55,73.1,32.2,59,98.3,83.3
480,2.1,7.3,2.1,47.9,70.15,32.6,58.7,93,79.8
481,2,5.1,1,55.75,70.55,21.3,58.9,84.1,72
482,1.8,4.1,4.5,51.9,73.05,41.95,64.8,83,75
483,1.4,3.2,5.1,47.85,66.5,43.25,65.6,83.1,77
484,4.1,1.8,6.1,42.25,70.15,44.65,69.7,86,82.2
485,4.1,8.5,10.4,35.8,66.9,44.05,71.6,92,83.7
486,8.5,10,7.3,36.6,61.05,39.6,73,87,83.5
487,4.9,11.7,13.2,35.9,56.2,35.35,71.2,82,83.6
488,9.3,5,12,35.6,51.05,30.7,69.8,74,81.5
489,15.8,9.1,8.2,36.25,45.5,31.45,72.2,71,83.7
490,10.4,12,9.5,36.7,38.25,29.6,72.2,72,81
491,6.1,11,8,37.6,39.1,27,65.1,78,78.5
492,7.1,19.1,6.5,65.35,43.6,38.2,118.8,87,127.7
493,5.1,14.3,9,68.45,47.55,38.45,116.2,95.1,129.5
494,7,7.3,3.4,71,46.65,42,112.4,93,120.9
495,7.6,7.9,4.2,68.65,48.85,47.3,109.3,97,115.3
496,14.2,7.3,5,67.35,47.05,43.75,107.1,94,115.5
497,15.8,14.5,3.3,64.9,50.25,46.55,105.4,99.8,115.3
498,15.8,13,1.6,61.95,53.75,49.85,104.9,105.5,116
499,15.3,10.8,1.8,58.1,56.95,51.6,105.2,111.3,116.8
500,13.5,10.3,4.3,54.65,58.35,47,107,113,111.3
501,10.5,5.8,4.7,50.2,57.95,46.5,106.3,112.2,111
502,8.6,7.2,2.7,46.9,57.75,42.1,105.5,110.7,108.7
503,4.4,6.7,4.6,45.15,60,37.85,105.1,115.4,112.3
504,2,8.5,4.8,42.95,59.95,37,108.6,118.9,117.9
505,8.5,12.8,4.1,37,61.25,34.75,109,122,121.8
506,10.5,15.5,4.6,35.35,62.75,37.35,115.1,121.9,124.2
507,8.6,23.5,6,33.7,81.85,53.5,119.4,122.9,132.4
508,8.4,25.3,1.3,35.05,84.45,54.2,117.5,124,126.1
509,6.4,27,0.9,35.55,86.2,58.5,119.1,124.3,124.4
510,4.2,22.7,1,35.15,86.05,77.3,119.6,95.5,120.1
511,1.4,19.7,2.2,35.55,86.55,75.75,119.1,90,121.3
512,4.2,23.3,2.6,65.5,86,77.15,117.4,90.4,119.2
513,5.4,18.6,3,62.95,78.15,78.1,114,88.2,116
514,8.9,18.6,4.5,62.35,70.25,76.1,113,88.7,113.7
515,5.1,15,30.1,17.3,65.65,62.3,22.4,85.7,113.7
516,2,11.7,37,26,61.6,64.65,26.8,82.4,117.2
517,3.6,8,33.6,31.1,62.95,65.75,32.2,77.4,122.5
518,7.1,3,29.2,35.2,59.55,61.75,38.9,81.5,126.8
519,14.6,10.3,24.2,34.2,56.35,59,40.2,86.3,127.1
520,13.2,20.2,22.2,60.9,53.55,75.1,114.8,91.1,128.1
521,11.7,28.3,20.6,61.1,49.7,69.65,113.6,92.2,128.1
522,10.4,29.3,21.1,61.05,51.65,65.8,112.3,97.2,128.2
523,6.3,27.5,20.6,60.7,53.3,66.7,108.7,102,127.3
524,2.4,19.7,15.8,51.6,53.45,64.1,89.5,106.9,127.3
525,3.9,20.2,13.6,50.45,57.05,61.15,77.1,111.8,127.6
526,3.2,4.5,8.9,47.75,58.9,58.15,65.3,113.8,128.3
527,5,6.4,3,52,58.85,59.2,65.3,114,127.8
528,2.9,8.1,7.2,55.05,60.8,61.8,67.2,114.1,128.2
529,3.5,5,9.4,58.95,64.6,68.2,73.6,118.5,130.5
530,4,8.5,3.2,61.5,66.05,64.55,77.6,122.9,130.5
531,4.4,7.9,2,64,67.05,65.5,79.4,123.5,130.4
532,4.8,10.3,5.7,60.4,67.7,64.9,82.4,125.1,130.5
533,5.3,8.5,2,65.1,71.7,68.35,79.3,127.8,131.5
534,5.9,8.2,2.5,66.45,72.95,69.45,78,129.1,132
535,6.4,10,1.4,67.65,72.7,68.75,76.9,129.5,132.2
536,6.9,8.1,3.3,65.9,71.4,68.5,72.5,128.7,131.3
537,10.6,6.3,0.4,64.4,84.6,74.4,74,128.2,130.4
538,7.6,7.6,2.8,68,80.2,73.7,75.6,125,130.4
539,6.4,10.2,3.6,66.1,77.15,71.7,72.2,126.8,130
540,5.9,11.2,11.3,68.7,71.7,70.2,72.7,125.8,129.5
541,6.4,8,16,75,70.95,68.2,76.9,124.3,129.1
542,3.7,8,20.3,78.2,65.4,65.7,80.5,120.7,125.3
543,6,8.1,24.3,71.1,64.55,64,77.1,119.5,125.9
544,10.4,6.1,24,63.9,61.55,61,73.6,118.5,126.4
545,7.1,5,23.2,63.6,54.9,56.4,70.6,115,124.1
546,6,6.1,20.1,79.45,58.45,63.1,133.8,117.9,154
547,3.6,8.1,13.9,78.85,57.3,60.7,128.8,118.8,147.1
548,9.2,4.5,16.4,80.35,59.4,60.8,128.4,116.8,140.3
549,8.9,4.1,13.4,79.85,63.3,60.7,124.3,118.2,134.4
550,9.2,2,12.2,77.55,67.15,61.5,120.2,118.5,134.4
551,13.1,5.7,6.1,75.15,64.45,63.2,118.3,116.6,132.8
552,13.6,12.1,5.8,71.25,61.5,64.85,116.1,112.3,129.2
553,9.5,3.6,3.6,68.9,64.25,62.85,115.8,118.6,125.8
554,9,7.8,1.6,67.7,66.2,64.2,115.5,122.8,122.2
555,8.5,8.9,2.2,67.05,69.75,66.55,115.5,124.3,122.1
556,2.2,4.1,2.8,64.35,69.15,63.25,68.7,117.5,118.7
557,2.5,6,4,64.55,68.55,63.75,70,118.5,119.8
558,3.6,9.6,2.2,61.65,66.45,63.15,66.8,120,121.2
559,2.8,6.3,2.2,55.2,65.7,59.05,63.7,119.9,120.8
560,1,4,1.4,55.1,64,58.45,59.4,118.9,120.8
561,2.5,4,1.6,48.6,62.2,54.8,56.9,117.9,120.6
562,5.1,5.1,1,42.3,60.3,50.5,55.9,114.7,120.8
563,2.2,3.2,4.6,35.8,59,50.6,52,112.1,121.4
564,2.6,5,9.2,33.65,57.35,50.45,54,107.9,122.3
565,2.9,14.9,5.9,54.05,59.05,51.7,113.9,109.6,121.7
566,3.2,11,5.5,54.6,60.8,52.75,115.4,112.3,121.5
567,3.6,11.7,5.4,54.4,62.55,50.85,116.5,111.9,121
568,5.1,9.9,1,51.5,59,48.65,114.1,105.6,115
569,3.6,10.8,1,46.25,56.7,45.75,110.3,103.2,113
570,6.1,16.6,7.3,40.65,57.2,43.8,106.8,106.2,111.1
571,4.1,14.4,5.1,37.6,57.85,43.25,102.6,107.4,109.4
572,2,14.8,6.5,37.2,56.75,38.7,96.2,105.1,103.2
573,6.4,15.5,3,37.6,55.4,35.05,95.3,99.3,100.7
574,3.4,19.8,9.2,30.85,55.95,34.65,90.1,99.8,99.3
575,3.4,10.8,8.2,25.35,51.4,30.05,88,96.2,98.1
576,1.5,1.4,7.2,21.8,51.05,23.3,81.9,94.9,92.8
577,3,2.2,5,15.35,49.2,17.85,76,93.4,87.7
578,5.1,7.3,1,10.6,45.35,16.4,75,88.3,88.3
579,2,5.4,3,6.85,41.8,15.45,69.9,83.4,84.5
580,4.3,4.1,5.4,10.65,38.95,12.6,73.4,77.7,80.3
581,3,3.6,1.4,11.65,39.3,11,76.7,78.3,78
582,3.2,2,1.8,12.55,41.9,10.65,80.1,83.3,82.7
583,3,2.2,1.4,40.8,45.6,14.2,81.1,90.6,86.5
584,2.3,2,1.4,39.1,44.5,11.9,78.2,88.1,83.5
585,2,4,4,37.95,68.7,41.8,74.8,91.8,98.3
586,1.4,2,2.2,37.7,63.6,36.55,74.7,90.3,95.7
587,2.4,1.4,2.2,74.1,59.75,32.75,75.5,88.2,92.7
588,2.7,1,2,76,53.45,32,77.2,83.3,90.5
589,2.1,0.8,4,39.45,47.75,30.95,78.4,81.6,87.7
590,3,0.8,4.2,40.7,41.65,28.15,78.3,82.7,82.6
591,4.5,5,2,43.2,38.15,28.35,79.3,83.9,83
592,11,4.1,1.7,74.5,32.45,33,81.4,84.5,86
593,11.2,4.5,2,76.8,28.65,27.6,85.8,84.7,86.5
594,2.8,5.4,3.2,79.7,22.15,23,82.3,91.1,92.7
595,4,7,2.2,76.3,22.5,21.5,80.1,95.3,98.8
596,4,2.2,9.2,4,23.75,20,4,97.2,76
597,5,2.2,9.2,5,30.8,19.65,5,99.9,77.1
598,5,2.2,9.1,5,38.3,19.3,5,99.9,78.2
599,4,3.6,9.1,4,47.95,19.2,4,99.4,78.4
600,3,4.5,9,3,50.75,19.1,3,97.9,79.7
601,5,2.2,10.4,5,50.15,18.1,5,99.5,80.7
602,4.1,5.1,10.4,79.8,55.1,69.4,83.6,101.2,146.2
603,4.1,3.2,10.2,71,62.2,76.6,74.8,99.5,145
604,3.2,1,9.5,68,65.35,77.7,70.8,98,143.8
605,5.8,1.3,11.3,61.4,70.2,74.5,67.1,96.6,142.8
606,3.2,3.6,8.1,3.2,76.6,18.2,3.2,95.4,88.1
607,1,3,8.6,1,81.25,18.45,1,94.2,95.3
608,2.2,3.2,8.9,2.2,83.15,15.95,2.2,93.2,94.1
609,1.4,3,15.3,1.4,84.6,21.2,1.4,92.4,101.7
610,8.5,2.8,14.2,8.5,82.75,24.9,8.5,91.7,104.6
611,15.8,4.5,11.2,15.8,78.7,24.15,15.8,91.2,105.6
612,19.4,2.2,7.9,19.4,76.5,29.2,19.4,94.3,113.3
613,24,5,5.8,24,74.6,34.65,24,98.2,120.7
614,29.1,6.1,3.6,29.1,79,39.75,29.1,103.8,128.2
615,23.3,6.3,7.8,23.3,82,40.3,23.3,106.1,130
616,20.6,5.8,7.1,65,82,84.9,80.8,100.1,185
617,12.2,4.2,9.7,64.2,80.95,81,71.5,96.1,176.9
618,1.4,7.8,12.4,61.85,76.9,78.35,63.6,95.1,170.2
619,2.9,6.3,6.1,60.3,77.05,77.45,62.8,94.2,163
620,4.5,8.5,3,57.95,76.45,73.1,63.1,95.8,156
621,6,10.2,2.1,45.85,72.05,64.3,55.2,89.7,145.9
622,4.2,1.4,6.7,30.45,74.45,59.25,52.8,84.1,139.1
623,5.6,3,7.8,25.5,77.7,51.7,50.6,84.7,131.9
624,4.1,5.1,7.1,22.7,77.1,60.25,42.2,82.1,124.7
625,8.1,8,7.8,23.7,73.9,58.95,38.1,80.9,118.2
626,6.4,3.6,5.1,23.45,74.15,55.95,33.3,78,112.3
627,12.2,3.2,4.5,24.9,74.55,52.1,32.2,77.3,106.8
628,13.5,7.2,3.2,26.1,70.55,52.05,32.1,79.1,101.5
629,13,7.8,3.2,26.05,67.3,52.15,32.4,77,96.9
630,10.4,7.1,1.8,24.45,65.75,70.5,78.3,74.3,137.1
631,7.1,9.4,5.1,22.65,61.55,68.65,73.8,71.1,131.3
632,8.3,9.9,5,27.7,62,68.5,73.8,74,124.2
633,11.6,10.3,5.4,32.4,62.5,68.05,73.9,75.7,118.3
634,11.1,7.7,5.4,33.4,62.6,68.95,75.1,72.2,111.4
635,10,2,5.1,35.5,66.2,68.65,75.5,71,105.8
636,9.2,3,17.9,43.7,65.25,69.4,61.7,69.7,98.8
637,8.5,2.5,17,43.35,62.85,69.25,62,70.8,93
638,1.4,2.7,16.5,39.85,65.55,70.35,56.1,71.6,88.6
639,2.2,7.1,8.1,39.7,69.35,69.4,57.2,71.4,86.4
640,5.1,6.7,9.2,36.65,66,67.1,58.3,71.5,78.7
641,7.3,6,9.2,35.55,67.75,66.05,59.5,73.8,79.9
642,5.1,6,16,30.4,69.35,62.6,54.1,75.8,80
643,3.2,3.2,24,26.75,69.1,61.05,48.5,76.8,80.7
644,4.7,2.6,25.3,25.6,70.9,56.55,47.8,77.4,81.1
645,10.3,2.4,28.7,43.9,72,61.3,91.6,74.9,127.6
646,13.3,2.2,25,42.8,71,58.95,87.7,74.1,120.8
647,13.3,2.4,25,39.4,67.5,55.75,83,76.6,121.1
648,13,2.5,23.4,35.9,72.25,52.65,79.2,79.3,122.6
649,11,3,18.7,32.45,76.3,51,76.5,84.7,124.1
650,11.7,2.2,13.6,29.85,74.9,51.7,76.5,84.7,124.7
651,11.2,7.6,10.5,27.85,74.3,52.6,73.3,91.9,125.3
652,10,5,8.1,25.35,77.1,53.15,70,96,126
653,8.8,5,5.5,23.4,78.55,55.45,66.9,103,126.7
654,7.6,4.8,5,21.4,79.05,58.1,64,106.9,127.4
655,7.5,5.5,7,18.85,81.15,59.85,61,114.2,128.2
656,7.4,3.6,3.6,18.2,77.85,59.25,59.2,115.4,129
657,7.3,1.4,1.4,13.7,80.35,66.9,55,107.8,121
658,5.8,4.1,2.8,10.5,79.65,63.45,51.3,105.1,114.4
659,3.4,3.8,1.8,7.25,86.3,62.45,47.8,103.6,107.1
660,1.9,8.9,2.1,5.25,91.55,86.9,44.4,101.5,110
661,2.2,5,2,6.25,95.8,93.5,41.7,98.9,105.2
662,2,21.5,3.8,5.55,69.55,87.8,34.4,96.3,103.5
663,1,21,4,7.35,63.85,86.45,29.5,94.9,101.8
664,2.2,21,3.6,3.85,60.35,83.3,28,94.2,100.9
665,1,21,66.5,3.1,22.4,86.2,27.8,43.1,100.6
666,1,18.3,62.7,4.1,25.7,82.7,26.2,43.8,100.6
667,2.7,16.5,57,5.8,29.9,76.9,23,45.9,102.2
668,3.9,16.3,48.1,8.55,34.8,71,23.9,49.6,104.3
669,5.8,14.2,42.2,12.45,39.4,64.8,25.5,53.2,106.1
670,3,11.7,46.1,13.2,43.8,61.4,20,55.5,108.1
671,2,11.2,45.5,13.05,47.9,61.8,20.9,59.1,110.2
672,5.8,10,42.4,12.45,51.3,59.3,24.7,60.4,110.5
673,5,11.7,35.5,13.85,55.1,60.3,29.4,66.5,109.2
674,6.2,5,33.5,16.2,59.7,60.2,36.4,63.6,109.5
675,5.2,5.4,27.3,22.7,62.3,60.6,40.8,64.4,115.1
676,6.3,4.1,32.8,23.35,60.8,63,46.3,64.4,119.2
677,9.6,14.3,24.1,25.55,53.9,61.7,51,65.9,117.2
678,3.6,22,20.2,26.9,47.7,60,52.6,63.1,114.8
679,4.5,23,22.2,25.1,45.7,64,53.8,58,113.1
680,3.2,22.5,15.8,21.35,47.3,56.2,52,58.7,107.8
681,1.6,22,10.2,22.45,48.8,47,54.9,60.1,104.6
682,3,14.3,7.1,20.5,48.8,38,58.1,53.4,100.6
683,4.1,8.1,1,19.75,48.8,30.4,60.1,53.3,96.2
684,6,3.6,1.8,18.4,46.5,22.8,60.7,47,91.8
685,6.3,2.8,4.1,17.65,40.3,20.1,62.2,41.1,91
686,4.7,2.2,3.2,17.45,36.7,20.9,62.1,38.9,90.6
687,4.3,3,3.6,14.5,35.4,18.4,62.1,38,90.2
688,3,3,5,11.6,33.4,15.8,62.6,34.9,90.5
689,2.2,38.7,3.2,8.05,38.7,40.7,64.6,38.7,89.4
690,3,34.6,3.2,9.4,34.6,38.75,71,34.6,91.1
691,2,35.4,1.8,9.55,35.4,39.05,69.6,35.4,90.1
692,5.4,30.8,1.4,11.3,30.8,34.55,69.1,30.8,89.1
693,3.2,25.9,3.9,12.45,25.9,33.3,68.2,25.9,88.2
694,2.7,29.6,3.3,15.9,29.6,31.05,67.9,29.6,87
695,1,24.1,3.4,13.95,24.1,28.85,67.8,24.1,85.9
696,4.1,21,1.3,13.1,21,25.4,67.7,21,84.7
697,3.2,17.7,2.3,11.55,17.7,23.15,67.5,17.7,83.6
698,1.4,15.8,4.1,11.6,15.8,19.65,68.1,15.8,82.5
699,4.5,15.5,9.2,11,15.5,20.2,68.5,15.5,82.9
700,3.2,17,18.7,8.65,43.5,30,68.6,53.3,83.8
701,2.8,20.9,23.7,9,36.6,37.4,71.7,53.6,84.7
702,1,15.5,27.4,9.6,34.6,65.4,72,55.9,86
703,4.2,20.9,30.8,15.6,32.55,64.4,76.6,53.4,86
704,2,24.9,29.4,13.45,31.05,64.4,77.7,57.1,86.3
705,1.4,26.8,30.2,13.2,31.65,66.9,81,62.8,90.3
706,1,25.1,34.7,13.45,34,61.4,78.6,67.5,97.1
707,3.6,24.8,33.2,13.2,36.95,64.1,75.9,73,98.9
708,2.9,25.3,30.4,16.8,40.05,65.75,77.9,78.6,101.9
709,6.1,25.7,28.4,22,40.05,66,77.9,78.9,97.9
710,10,25.7,27.9,25.2,40.35,63.65,85.4,79.9,98.7
711,8.9,25.5,28.6,23.45,41.5,64.9,92.8,82.5,102.5
712,8.5,25.5,27.8,22.2,43.3,67.25,100.4,83.9,102.5
713,8.3,25.4,19.3,19.6,46.2,65.9,103.4,83.3,98
714,4,23.8,13.9,19.4,47.8,62.4,101.4,82.8,97.5
715,4.1,21.4,8.9,19.65,48.7,60.6,103.4,82.5,100.4
716,3.2,13.8,4.2,18.55,51.4,58.2,106.1,80.7,103.3
717,2,13.9,1.4,14.05,50.65,58.25,110,79.2,109
718,6.1,14.4,5,15.4,49.85,58.9,113.4,74.7,113.1
719,7.1,15.2,3.2,20.7,49.1,59.6,117.2,69.3,118.1
720,6.3,13.5,3.2,27.45,49.05,64.7,121.1,67.3,121.7
721,5,7.1,5,35.3,45.75,67.8,123.5,61.4,122.8
722,2,5,4.1,42.1,39.45,71.5,119.4,55.8,119.7
723,4.1,6.1,3.6,47,31.65,70.85,117.4,50.8,118.7
724,7.6,3.6,3.2,50.8,24.95,65.4,112.1,43.4,112.4
725,3.4,4.5,4.1,54.8,23.35,58.95,109.5,37.5,110.6
726,4.4,3.5,1.4,56.6,36.95,79.9,112.5,89.3,111.2
727,5.6,6.1,30.2,56.9,39.3,81.4,67.1,84.1,113.9
728,5.1,6.4,27.2,60.65,41.5,80.7,70.2,79,117.2
729,4.9,4.1,24.2,64.3,41.05,78.55,73.5,74.9,120.8
730,4.6,2,21.8,68.5,40.7,76.8,76.2,72.3,122
731,3.4,7.2,18.6,73.15,42.25,75.5,81,71.2,124.3
732,7.3,9.2,15.8,77.35,40.95,73.15,83.2,69.3,118.3
733,7.5,8.2,14.7,80.5,40,69.95,86.3,63.2,113.6
734,7.4,7.9,14,84.65,39.4,67.75,90.8,60.4,111.1
735,6.4,8.2,11.6,88,41,65.1,94.2,57,110.1
736,5.4,5.1,8.5,95.65,39,84.1,130,51.6,135.7
737,5.6,5,5,97.7,37.2,79.6,126.2,52.4,126.5
738,12.4,5.1,4.2,95.85,35.55,78.9,126.9,51.1,120.2
739,16.7,2.7,5.7,91.35,33.1,78.7,123,49.8,115.3
740,18.7,9.3,3.8,88.3,28.8,74.5,119.4,49.6,111.5
741,21.4,5.8,3.1,82.05,25.05,74.4,116,47.1,110.8
742,19.3,2.7,2.2,79.15,22.7,74.8,113.8,46,111.6
743,16.6,1.2,3,74.6,21.15,72.1,111,44.8,112.5
744,16.1,3.8,0.9,70.45,20.6,64,110,43.6,113.5
745,12.3,3.5,1.1,65.95,28.4,52.8,109.3,42.5,108.9
746,8.3,6.3,1.7,61.5,24.95,51.15,108.8,41.5,108.2
747,4.5,4.1,2.2,67.2,22.4,54.3,108.2,40,105.9
748,1,4.1,2.8,73,22.95,51.45,104.2,44.6,105.1
749,5,11.1,3.9,77.25,24,54.2,97.7,47.5,104.9
750,10.8,11.9,2.5,82,23.55,49.6,96.5,47.1,98.8
751,2.8,8.9,2,96.7,23.9,38.3,107.5,46.5,111.3
752,1,3.5,2.1,90.05,21.3,39.5,98.4,42.3,101.2
753,2.2,4.1,1.1,83.6,21.2,40.7,92.2,42.4,93.5
754,7.3,8.1,1.4,78.5,21.35,40.65,88.4,42.6,86.2
755,7.1,3,2,74.55,19.95,40.25,84.1,39.4,80.3
756,8,2.8,1,68.45,17.95,37.5,76.3,34.1,75
757,7.4,8.1,3.2,59.75,16.8,33.55,69.6,31.8,68.8
758,6.7,3.2,7,53.25,11.85,28.8,66.8,22.4,60.2
759,6.8,2.2,5,46.2,8.25,20.6,64.3,15.2,55.5
760,6.8,1.4,1,39.4,6.9,14.05,62.6,12.5,50.7
761,7.4,2.2,8.1,34.15,4.5,24.4,54.8,6.7,47.8
762,7.7,1.4,3.6,33.35,3.7,19.3,45.8,6.3,43
763,5.5,1.4,0.7,31.35,3.1,17.4,41.5,5.7,41.4
764,3.3,1,1.7,29.2,4.35,16.35,38.1,5.4,39.5
765,5.1,1,1,26.3,5.15,16.85,35.9,8.5,39.2
766,3.6,2.2,1.4,17.2,3,11.3,27.3,5.8,28.7
767,9.4,1.6,0.5,14.1,3.5,13.3,23.5,5.6,24.6
768,10,1.6,9.8,10,1.6,15.6,10,2.2,21.3
769,10.8,2.2,7.8,10.8,2.2,12.5,10.8,3.2,18
770,10.8,1.4,6.3,10.8,3.6,8.95,10.8,4.1,13.3
771,8.7,3.2,3.4,8.7,4.5,9.6,8.7,5.1,15
772,14.4,4,3.2,14.4,4.1,12.15,14.4,5,20.5
773,17.7,2.8,2.2,17.7,4.1,12.15,17.7,6.1,22.8
774,24.5,2.2,2.2,24.5,4,15.55,24.5,6.1,29.6
775,30,4,1.4,30,6.1,17.8,30,10,36.9
776,30,7.1,5.7,77.7,9.1,35.6,91.8,16,84.6
777,23.6,5.3,4.9,69.6,10.1,27.4,85.3,13,80.4
778,19.3,6.4,5,61.8,9.4,20.1,78.9,9.5,70.5
779,19.7,11,5.4,53.2,14.6,20.1,72.9,14.8,70.2
780,16.7,11,2.5,48.1,20.2,21.5,64.4,22.5,68.4
781,9,11,1.4,29.3,14,24,31.8,17.8,39.6
782,9,6.3,3,25.3,14.6,18,28.2,15.6,30.6
783,8.4,6.1,3.2,20.5,6.1,9.2,21.5,11.2,22.6
784,8.1,4.1,1,14.9,6.4,8.6,15.6,10,15.8
785,3.2,4,1,10.8,7.6,8.5,12,11.7,12
786,1,3.2,2.2,7.2,10.2,9.5,7.8,12.1,12.6
787,4.1,7.1,2.2,6.3,12.2,9.1,7.8,13.9,15.7
788,2.2,1.4,1.4,7.9,10.2,9.2,9.6,11.4,10.2
789,3.6,6.1,2.8,8.5,54.35,10.15,11,107.5,111.2
790,8.5,7.2,4,8.9,51.7,13.25,10.2,98.8,109.7
791,8.1,6.4,5.1,8.5,48.35,12.65,9.5,90.5,101.1
792,7.1,7.5,5,7.2,46.45,12.05,9.1,85.7,91.2
793,6,8.6,4,6.4,43.9,12.5,7.1,81.1,81.8
794,1,4.1,3.2,5,39.75,12.45,5.1,73.4,72.6
795,4,5.4,4.1,5,35.6,13.95,6.4,65.9,70.3
796,1,8.5,3.6,4.2,35.15,16.75,5,61.8,65.3
797,2,8.2,3.6,12,31.8,22.2,12.2,60.4,64.5
798,1,7.2,3.6,12.2,27.9,17.6,12.4,55.4,55.8
799,1,6.3,3.6,21.2,25.05,18.45,21.5,50.1,54.1
800,2.8,6,4.5,24.1,22.2,20.5,24.9,44.4,49.1
801,7,6.3,7.6,22.4,34.1,28.6,28.5,39.1,43.9
802,13,1.4,6.7,19.4,34.4,27.7,32.5,34.9,38.8
803,13.4,1,6.3,23,33.6,26.9,36.4,34.6,39.5
804,8.9,3.2,3.2,31.9,32.1,29.3,40.4,35.1,42.9
805,10.8,7.9,8.6,26.2,27.5,28.1,36.9,33.1,45.4
806,14.9,12.8,12,66.35,24.2,33.4,131.7,31.3,144.2
807,11.7,12.2,13.9,61.65,23.4,29.8,122.9,23.4,143.1
808,4.5,13.6,10.4,56.45,18,28.55,112.9,19.2,135.6
809,1.4,13.6,6.3,57,50.35,46.5,111.9,97.6,183.2
810,8.1,10.6,3.6,58.45,50.85,42.1,112,98.8,173.3
811,3.6,6.1,3,55.35,47.5,35.7,109.7,91.6,163.4
812,11.7,7.1,8.2,87.1,44.65,61.2,98.3,89.3,153.6
813,10.8,3.6,16.1,79.8,44.85,61.5,89.3,86.3,143.7
814,10,4,17.5,74.8,45.25,60.35,81.3,86.7,133.8
815,10.2,5.4,17.5,72.35,43.85,90.7,101.9,86.5,155
816,8.5,6.6,17.6,68.65,44.05,82.3,94.9,86.5,145.7
817,3.2,6.9,10.2,67.5,43.95,75.95,94.2,86.6,136.5
818,6.7,6.4,5,64.1,43.85,70.55,91.6,86.6,127.4
819,15.3,7.8,4,62.45,42.7,68.25,92.4,81.6,117.7
820,15.7,6.1,3.6,57.9,42.9,69.1,86,82.1,108.1
821,6.4,3.6,7.8,57.95,42.6,77.5,97.6,85.1,131.6
822,2.8,0.7,10.4,55.1,46.4,72.2,88.5,90.4,126.4
823,4.5,4.3,7.6,56.35,48.25,69,87.6,95,121.3
824,10.8,6.1,6.7,53.65,48.4,66.2,89.1,95.8,116.6
825,8.2,3.6,6.1,53.6,49.55,62.2,85.8,98.2,112.1
826,5.4,1.4,8,48.85,50.9,58.65,62.2,101.5,106.2
827,9.2,5.7,7.3,47.9,55.65,58.5,63,107.6,112
828,7.6,3.4,2,43.8,58,52,61.1,109.8,111.9
829,3.2,1.4,5.2,41.3,58.2,49.55,61.5,112.1,115.4
830,8.1,4.1,2.2,36.25,57.65,42.45,59.4,114.9,116.6
831,11.4,2.2,3.2,32.7,60.5,38.2,59,120.3,118.4
832,8.5,5,4.1,30,64.75,34.65,60.3,127.5,124.1
833,4.5,8.1,2.8,26.15,67.05,32.95,53.8,131.3,128.5
834,6.5,5.4,4.3,24.1,67.6,30.5,48.9,134.6,132
835,8.1,3.6,3.2,23.65,70.3,32.7,50.4,138,136.5
836,6.7,3.9,5,24.1,70.2,31.7,52.9,138.7,140
837,5.6,5.4,6,25.55,70.25,31.3,51.5,139,143.2
838,7,3.4,3.3,25.75,69.65,32.5,44.9,139.3,142.6
839,4.7,4.3,3.6,29.1,70,31.25,38.5,139,141.7
840,5.4,5.4,3,26.2,69.75,28.45,37.3,139.3,141.4
841,2.8,4.2,3.2,28.15,66.25,26.9,34.8,132.5,133.7
842,1.4,4,7.6,23.55,62.95,20.15,29.2,125.5,129.4
843,2.2,6,8.1,21.65,63.85,18.4,27.2,121.5,126
844,2.2,3.9,1.4,17.5,64.15,18.6,26.6,114.7,123.2
845,3.2,3.2,2.2,14.6,60.25,17.6,27.6,107.9,120.4
846,6.2,3.2,6,14.45,100.8,17.8,25,129.7,135.7
847,4.6,13.4,2.2,10.5,93.25,51.25,19,119.8,126.7
848,3.6,60.6,2,6.9,86.8,88.7,17.1,110.8,118.1
849,0.6,57.5,1.6,3.85,82.4,84.2,12,103.8,108.8
850,0.9,51.3,2.2,3.4,85.7,89.4,7.5,100.6,107.1
851,0.5,46.5,2.8,5.7,88.4,94.2,9.1,97.7,107.6
852,2,41.7,93.4,6.35,41.7,99.4,14.7,41.7,108.4
853,2,37.3,94.6,8.55,37.3,104.15,20.2,37.3,109.3
854,4,33.2,95.4,12.65,33.2,110.1,20,33.2,113.4
855,1.1,29.5,96.2,12.1,29.5,111.05,15.9,29.5,114.9
856,2.2,26.2,98.8,12.2,26.2,110.25,14.4,26.2,119.5
857,1.6,22.2,96.5,13.5,22.2,109.05,18,22.2,119.8
858,1.6,12.5,93.5,15.4,12.5,107.2,24.7,12.5,112.6
859,1.4,3.2,91.3,17.7,3.2,105.6,30.5,3.2,110.1
860,4,4.7,89.8,15.2,4.7,103.25,27.3,4.7,112.3
861,6.3,13,82,13.25,13,100.75,26.5,13,115.4
862,8.2,19,74.7,11,19,95.4,26.8,19,115
863,6.4,23.3,68,11.4,23.3,90.45,23.8,23.3,113.2
864,5.2,22.8,65.5,11.9,22.8,88.45,23.7,22.8,111.4
865,2.2,27.2,63.2,11.1,27.2,87.15,21.9,27.2,111.1
866,5.4,26,57.3,12.85,26,82.25,25.5,26,107.3
867,4,25.1,49.2,12.3,25.1,76.7,30.9,25.1,104.4
868,3,25.1,40.6,14,25.1,67.85,30.9,25.1,95.5
869,0.7,25.5,34,13.25,25.5,59.5,29.2,25.5,86
870,2.5,27.5,28.6,8.9,27.5,52.25,28,27.5,78.6
871,2,22.5,26.9,11.4,22.5,52.7,35.5,22.5,78.7
872,3,22.2,23.8,5.85,22.2,49.15,33.6,22.2,69.4
873,0.5,21.2,23.9,6,21.2,48.65,38.4,21.2,67.5
874,1.3,20.5,24.6,10.85,20.5,51.15,45.7,20.5,67.5
875,2.8,15.2,20.6,11.5,15.2,49,49.1,15.2,63.3
876,3.8,7.3,18.7,9.25,7.3,49.95,52.3,7.3,59.3
877,2,6.4,18.1,9.15,6.4,46.9,55.7,6.4,56.1
878,3,7.9,17.7,9.05,7.9,44.3,51.9,7.9,52.2
879,3,11,13.6,8.75,11,43.15,49,11,51.1
880,3,11.8,9.4,8.6,11.8,40.85,46.4,11.8,47.9
881,3.4,10.7,5.3,9.35,10.7,38.4,44,10.7,43
882,3.5,9.2,1.1,9.6,9.2,37.6,41.6,9.2,43.2
883,3.2,14,3,9.2,14,35.6,39.3,14,40.2
884,1.8,14.7,4.4,9.35,14.7,34.6,38,14.7,39.4
885,1.9,7.9,4.5,8.3,7.9,33.7,38.8,7.9,39.1
886,2.2,6.3,5,6.75,6.3,33.45,38.1,6.3,38.1
887,1,14.1,4,14.15,14.1,33.15,37.1,14.1,41.1
888,4.5,12.4,2.2,11.35,12.4,28.2,38.5,12.4,39.8
889,6.1,12.4,2.4,16.1,12.4,21.8,38.1,12.4,37.9
890,4.5,7.1,3.8,15.5,7.1,16.1,34.2,7.1,32
891,2.5,3.2,3.2,13.85,3.2,13,25.2,3.2,24.7
892,5.8,5,4.1,16.7,77.1,17.7,26,80,90.4
893,5.4,7.8,6,15.45,75.2,42.9,24,83,91
894,2.2,3,4.5,12.05,69.6,37.15,22.1,76.3,82.1
895,1.4,7.2,6.3,11.3,63.25,34.3,22.7,72.3,77.1
896,0.5,12.8,4.7,10.65,57.2,32.1,24.4,69.6,72.5
897,0.4,15,3.4,10,49.35,51.5,26.9,81.5,84.6
898,1.1,17.7,4.2,9.4,41.8,46.7,28.7,75.9,78.8
899,1,21.6,2.2,9.25,36.75,43.4,24.6,70.1,73
900,2.8,17,1.1,10.85,38.45,39.4,25.7,66,69
901,3.6,13,1,10.85,38.25,35.8,24.6,62.1,62.2
902,8.2,8.9,4.1,10.8,35.35,34.4,29.7,48.5,56.1
903,3.9,10.3,4.1,14.95,36.6,31,32,54.9,53.9
904,8.6,11.1,6.8,18.1,37.8,30.7,36.1,55.5,58
905,2.2,7.1,2.2,17,34.8,28.85,32.2,55.4,53.3
906,2.2,2.1,4.3,16.75,32.75,29.9,33.5,57.7,59.5
907,2.9,4.2,7.6,19.65,34.6,29.4,37.1,66.2,65.3
908,1.4,2.2,7.2,20.15,35.6,24.85,40.4,70.3,65
909,2.5,6.7,10.2,12.25,35.75,23.75,36.8,71.4,66.8
910,1,1,13,8.85,35.25,20.45,32.8,69.3,68.8
911,1,4,11.2,13.2,33.7,19.85,41,66.8,73.4
912,0.5,4.5,13.3,11.05,32,23.6,42.5,64,70.9
913,4.2,6.4,11.5,7.1,29,26.5,40.1,58,64.5
914,2,4.2,9.1,4.5,26.1,25.6,39.8,52.2,62.6
915,4.1,10.8,9.1,9.15,24.15,27.75,42.5,47.1,61.3
916,5,12.2,7.1,14.3,24.9,30.85,45.7,49,65.2
917,8.6,17,6.3,15.8,26.65,32.6,50.6,46,67.5
918,8.5,19.6,3.6,21.4,30.7,36.2,52.8,43.2,71.5
919,5.9,22.6,4.2,21.95,33.5,37.1,56,41.6,73.4
920,3.5,18.9,11.2,24.7,30.8,40.6,60.4,44.2,74
921,1.1,18.1,11.5,28.1,36.2,42.15,68,47.2,74.6
922,1.3,15.3,5.9,31.55,39.2,45.55,76.1,46.1,74.1
923,2.1,12.2,10.2,36.05,38.45,43.2,81.7,45.9,73.5
924,2.1,10.4,13.2,36.95,35.35,41.85,84.2,47.2,74.1
925,1.4,5,13.6,34.5,37.45,43.95,84.5,44.3,72.9
926,2.4,7.3,13.7,37.1,35.25,42.55,85.2,37.7,73.4
927,3.5,8.4,11.9,37,33.2,43.75,86.7,41.3,74.4
928,4.4,9.4,10,31.9,29.3,40.15,88.1,38.2,76.3
929,4,12.2,16.2,29.45,29.25,38.05,86.8,41.1,75.3
930,2.1,10,13.2,25.4,31.4,40.65,84.1,41.8,73.6
931,2.2,8.1,12.2,24.55,31.55,42.35,83.2,42,72.2
932,1.4,7.1,15,27.9,31.7,41,82.6,44.9,70.7
933,5.1,6.5,11,28.45,33,41.65,82.3,47,68.4
934,7.6,4.2,7.6,26.45,34.85,40.85,82.5,46.3,71.2
935,5.4,7.3,3.6,24.3,36.15,40.85,83,45.7,70.8
936,4.3,2.8,7.2,23.55,35.9,41.5,83.7,46.1,70
937,2.5,4.2,11.3,25.95,29.75,38.75,85.9,46.5,76.1
938,2.9,7,11.2,27.65,31.5,38.1,81.6,47.3,73.5
939,2.7,9.1,10.3,30.3,32.7,37.95,77.4,46,66.3
940,3.7,5.7,10.3,33.3,30.65,40.6,73.3,48.1,65.2
941,5.1,9.1,11.2,36.2,26.75,40.5,69.1,45,61.7
942,6.7,10,16,33.35,22.65,41.6,65.1,38.3,57.3
943,8.9,12,17.5,29.55,19.75,43.05,59.8,37.1,60
944,12.6,5,14.3,26.3,19.05,42.6,52.4,30.7,60.1
945,10,4.1,18.4,20.9,15.7,39.15,43.6,21.5,56.4
946,9.2,4,6.4,23.6,16.25,35.6,37.4,25.2,56.9
947,8.7,4.5,5.4,20.35,17.15,31.85,32.6,27,54
948,8.2,3,2,20.45,15.15,31.05,32.6,19.4,52.2
949,7.7,3.6,2.8,23.1,11.4,22.8,36.2,15.8,53.1
950,5.1,4.3,2.8,30.65,6.9,14.1,39.8,11,51.1
951,2,2.2,2.2,37.5,4.3,7.95,43.6,5.8,49.1
952,3.6,1,3.6,37.2,3.9,8.1,42.8,6.7,47.7
953,4.5,2.2,1.4,27.4,4.95,8.75,42.9,8.6,46
954,5,1,5.4,21.1,6.2,13.05,41.9,11,50.6
955,1.5,4.5,5.9,16.25,10.5,19.4,46.4,48.7,93.2
956,2.6,3.2,5.7,14.8,7.9,19.2,52.2,39.6,91.5
957,3,3.2,6,14,8.65,20.1,57.6,31,90
958,4.5,3,4.2,13.3,12.85,22.4,54.5,26.8,80.5
959,0.5,1.4,2.2,12.65,10.2,19.7,51.4,18.4,71
960,1.4,4.2,0.5,9.15,8.65,15.4,46.6,15,61.9
961,1,1.4,3,7.45,5.55,11.7,41.8,8.6,52.6
962,2.2,1,6.7,33.3,2.6,10.3,33.9,4,43.9
963,9.2,0.7,0.7,23.3,4.25,13.05,32.6,6.1,38.2
964,2.2,2.8,3.6,20.5,4.8,10,22.7,7.6,33.2
965,2.2,2.4,5.6,16.4,6.15,10.2,17,15.5,36.6
966,1.4,1,4.2,15.6,5.3,10.4,15.8,18.5,38.4
967,1,2.7,3,10.4,5.9,10.8,10.8,22.4,34
968,3.6,2,2.8,10.4,7.2,11.2,13.4,22.8,29.8
969,8.9,2.5,1.4,12.2,8.8,11,20.5,23.3,26.9
970,8.9,1,5,60.05,9.95,14.8,117,23.5,127
971,6.3,1.4,4.2,56.9,10.15,12.5,113.1,23,117.7
972,10.1,2.2,6.1,54.9,8.85,16.15,109.1,20,108.6
973,6.3,3.2,5.4,50.05,9.1,13.25,100,18,99.4
974,2.2,2,6.1,45.5,5.2,11.9,91,11.2,90.2
975,3.2,1,4.1,41.25,4.8,11.55,82,8.8,83
976,4.1,1,4.1,37.25,3.9,11.55,74.2,7.8,79.5
977,5.1,1,4.1,37.4,3.9,8.6,74,7.8,72.2
978,16.6,1,5,53.8,4.3,11.4,68,8.6,65
979,18.5,1,5.3,48.8,4.5,12.2,63.1,8.9,58
980,21.8,3,4.6,41.9,6.4,15.6,57.8,12.7,53.5
981,21.3,1.8,3.6,38.3,7.35,17.1,52.6,18.6,51.1
982,26.2,3.5,2.8,35.2,10.7,18.6,49.1,21.9,51
983,29.2,5.4,6,33.2,13.6,23.3,41,31,51
984,26.1,3.2,7.3,28.3,14.6,24.2,34.1,34.9,51
985,20.6,4.5,10.2,32.2,16.15,27.5,36.1,32.2,44.2
986,15.3,3.6,9.1,31.6,12.75,30.1,41.4,36.7,45.6
987,14.9,4.1,8,31.4,16.6,31,46,41.8,53
988,20.9,1.4,3.2,32.6,10.3,29.1,52.2,34,53.2
989,56.1,1,26.9,56.1,9.45,34.35,56.1,26.1,52.2
990,56.6,2.2,28.4,56.6,7.65,34.35,56.6,18.2,51.4
991,53.8,3.2,24,53.8,7.65,33.75,53.8,23.2,47.1
992,58.8,5.1,22.2,58.8,12.7,35.4,58.8,31,54.1
993,62.3,4.3,17.3,62.3,14.25,37.5,62.3,33.1,54.7
994,60.2,6.1,14,60.2,16.85,34.95,60.2,31.5,49
995,58.3,7.3,12.8,58.3,19.2,32.55,58.3,32.6,45.5
996,60.4,7.1,11.4,60.4,22.8,31.9,60.4,34.2,51
997,61,8.5,11.3,61,26.7,30.75,61,38.8,55.9
998,59.9,10.2,10.5,59.9,32,31.8,59.9,48.6,59.1
999,56.4,6.1,5,59.2,34.65,49,97.8,48.8,90.2
1000,51.5,4.1,4.9,58.8,34,47.1,94.2,48.8,86.5
1001,46.7,1,6.3,58.9,34.05,47.5,90.8,50.9,78.7
1002,43.3,2.2,11.4,63.3,28.95,45.8,88.1,49.8,71.8
1003,43.3,3.2,9.8,60.6,26,37.7,85.7,46.1,65.8
1004,49.2,8.6,8.1,59.6,19.8,39.4,84.1,41.2,62.9
1005,54.7,8.6,8.6,55.5,18.7,39.9,81.4,40.2,63.1
1006,51.2,5.1,5,67.2,21.55,36.1,75,35.6,70.6
1007,79.9,4.1,28,79.9,19.1,51.8,79.9,37.5,68.7
1008,82,4.1,33.6,82,19.05,54.3,82,38.9,65.3
1009,82.9,4.1,37.3,82.9,19.35,56,82.9,43.4,61
1010,86.7,2.2,42.4,86.7,14.6,53.95,86.7,45,60.5
1011,85.1,3,41.7,85.1,13.15,56.7,85.1,44.7,62.5
1012,88.4,3.6,39.1,88.4,11,57.9,88.4,43.1,63
1013,91.8,3.5,40.7,91.8,11.3,59.15,91.8,41.7,66.3
1014,94.7,2.4,45,94.7,7.85,60.15,94.7,38.8,72.7
1015,96.9,1.5,48.9,96.9,5.15,58.6,96.9,36.7,76.6
1016,99,0.4,49.2,99,5.9,56.3,99,33.3,82
1017,101.9,2.2,50.7,101.9,9.4,57.95,101.9,30.3,87.3
1018,96.9,4.5,50.9,96.9,9.6,56.2,96.9,35.1,84.3
1019,93.3,2.5,42.5,93.3,7.3,55.9,93.3,37.6,77.9
1020,89.9,2.2,40.2,89.9,7.7,54.45,89.9,39.3,76.1
1021,85,1,34.2,85,5.15,56.1,85,34.1,66.8
1022,81.1,2.2,30.8,81.1,7,56.2,81.1,33,63.7
1023,78,3.2,28.2,78,11.6,52.55,78,34.1,61.6
1024,74.5,5.1,28.7,74.5,11,49.7,74.5,31.6,59.3
1025,72,4,28.4,72,12.7,49.5,72,29.3,57.1
1026,55.8,2.2,22.6,65.3,12.8,43.9,84.6,34.1,63.6
1027,49.7,3.2,19.8,58.6,10.4,38.3,75.2,34.5,59.7
1028,43.7,3.5,18.9,51.9,8.45,34.2,65.8,31.1,52.3
1029,37.6,0.7,14.9,44.1,7,29.8,56,25.5,43.6
1030,30.9,1,15,38.1,3.4,24.4,47.2,21.1,35.1
1031,24.1,2.9,15.7,32.1,6.65,20.4,42.5,26.4,35.1
1032,21.2,0.4,13.7,26.6,5.3,17.7,36.1,27.2,35.2
1033,20.2,2,10.1,21.2,4.8,16.2,31.9,32.2,39.3
1034,14.9,1.4,4.1,19.1,3.8,13.8,28.8,34.8,44.3
1035,13.5,0.5,1,14.3,5.9,14.1,26.4,32,43
1036,8,1,13,33.6,5.8,19.9,38.9,30.2,38.9
1037,5.3,1.8,12.6,28.2,5.2,16.6,32.1,21.6,31
1038,3.9,1,8.1,22,8.05,15.5,25.3,16.2,24.3
1039,2.8,3.2,3.2,16.1,6.35,11.3,18.9,10.4,18.4
1040,3.2,1,7.1,17.1,3.6,10,19.2,5.1,13
1041,7.2,1,2.8,13.2,5.5,8.1,19.9,11.3,15.6
1042,10.1,1,1.8,13.3,6.75,9.7,23.3,12.5,19.7
1043,10.8,2.2,2,10.8,5.35,5.85,10.8,11.2,12
1044,26.2,2.2,2.6,26.2,6.1,13.1,26.2,11.4,27.7
1045,22.3,3.2,1.3,22.3,7.9,11.15,22.3,13,24.9
1046,18.1,2.2,1.3,18.1,6.05,9.1,18.1,10,19.9
1047,14.2,1.4,2.4,14.2,6,7.2,14.2,11.8,18.7
1048,10.3,1,4.2,10.3,9.05,9.2,10.3,16.6,20.7
1049,7.7,3.2,2.4,7.7,10.7,9.85,7.7,17.8,19.6
1050,8.1,3.9,0.6,8.1,9.7,7.05,8.1,16.7,16.2
1051,8.2,3.6,1,8.2,6.7,5.35,8.2,13.4,10.8
1052,NA,3,1,NA,5.4,5.4,NA,9.1,9.4
1053,38.5,2.2,5.8,38.5,3.95,19.25,38.5,7.9,35.5
1054,33.4,1.4,2.8,33.4,4.6,16.75,33.4,10.6,37.5
1055,28.3,1,4.1,28.3,5.85,16.2,28.3,9.8,33.2
1056,25.2,1,5.1,25.2,9.55,15.7,25.2,14.2,34.7
1057,20.4,5.2,3.6,20.4,11.1,18.05,20.4,17,32.5
1058,16.3,5.4,12,16.3,9.8,21.8,16.3,24,32.1
1059,14.5,3.1,12.9,14.5,6.65,22.75,14.5,15,32.4
1060,15.9,2.2,14.6,15.9,5.3,25.75,15.9,10.6,37.7
1061,18.4,1,16.4,18.4,5.4,29.9,18.4,12.1,43.7
1062,29.4,1.4,9.8,29.4,6.05,28.85,29.4,9.3,47.6
1063,38,2.2,10.4,38,5.4,31.85,38,15.4,57.3
1064,47.8,2.2,10,47.8,8.9,34.85,47.8,19.2,67.5
1065,56.7,2.2,14,56.7,7.85,38.5,56.7,18.8,74.4
1066,60.8,1.4,14.3,60.8,4.15,43.15,60.8,11.3,76.5
1067,59.9,1.3,16.9,59.9,3.45,38,59.9,14.1,70.6
1068,60.1,2.2,13,60.1,6,35.5,60.1,16,64.9
1069,60.8,2.1,14.8,60.8,5.2,34.5,60.8,17.9,59.2
1070,10.4,1.4,15.9,61.3,5.25,23,69.5,21.2,55.7
1071,4.3,2.2,11.5,60.1,7.6,23.2,61.5,25.3,51.2
1072,10.2,1.6,10.3,50.7,7.2,22.1,60,28.7,47.7
1073,12.2,1,7.3,41.3,11.25,22.4,53.5,33.7,44.7
1074,8.1,5.4,6,41.4,13.7,20.4,47.4,36.1,44.5
1075,13.9,3.2,7.2,24.3,15.55,19.3,29.9,38.7,44.4
1076,11.2,5.7,4.5,12,16.55,15.1,16.8,43,47
1077,10,3.2,5.4,12.8,17.45,16.2,21.5,39,49
1078,10.5,3,5,12.7,14.45,16.8,21.5,30.8,41.4
1079,11,8.6,3.6,14.3,18.35,15.3,20.8,28.9,33.8
1080,4.5,4.1,4.2,19.2,11.2,17.9,23,22.1,31.1
1081,4.1,3.2,5,25,15.6,17,27.8,22,32
1082,7.1,6.1,4.5,20.2,15.3,16.6,26.7,26.1,33.2
1083,6.4,6.3,7.1,20,15,14.1,23.8,27,27.8
1084,5,0.7,2.2,16.8,16.6,15.2,19,20.8,20.9
1085,2.8,4.5,1.7,9.5,10.6,10.8,12.1,21,22.4
1086,4,5.1,2.2,10,9.35,9.5,13.8,18.4,20.2
1087,1.2,4.1,2.9,13.7,9.25,11.7,14.3,16.2,19.8
1088,2,4.1,2,12.2,10.1,10,14.1,16.3,17.7
1089,6.1,2,2.2,6.1,8.3,7.2,6.1,18,13.3
1090,7.1,3.2,2.2,7.1,9.1,6.25,7.1,18.4,13.6
1091,8.5,6.3,1.4,8.5,7.35,7.6,8.5,14.6,15.2
1092,NA,5.1,4.5,NA,11,6.65,NA,17.5,11.7
1093,NA,3.6,4.1,NA,9.1,7.35,NA,17.3,11.7
1094,NA,1,5.8,NA,6.85,7.05,NA,13.4,11.4
1095,NA,2.2,7.3,NA,7.35,9.25,NA,14.6,17
1096,NA,1,5,NA,8.85,8.6,NA,14,15.8
1097,NA,2,4.1,NA,12.95,10.3,NA,22.2,20
1098,NA,3.6,9.8,NA,15.95,15.45,NA,26,24.7
1099,NA,8,8.1,NA,20.7,19.25,NA,31.4,32.9
1100,NA,5.1,16.8,NA,21.35,22.05,NA,36.9,41.4
1101,33.3,5.2,18.5,33.3,22.3,31.9,33.3,44.4,75
1102,25.5,5,18.2,25.5,25.85,28.1,25.5,49.3,75.9
1103,18,7.8,18.9,18,31,31.2,18,53.9,76.6
1104,13,10.7,18,13,36.3,32.5,13,59.5,77.5
1105,12.8,6.7,13.2,12.8,38.55,31.1,12.8,65.3,86
1106,15.3,6.4,6.8,15.3,40.45,25.85,15.3,72.1,92.9
1107,20.2,5.7,1.6,20.2,42.25,23.05,20.2,78.7,98.9
1108,15.5,5.4,4.1,15.5,44.65,22.9,15.5,85.1,103.7
1109,9.6,2.2,5.3,10.3,49.3,28.85,15,93.6,113.7
1110,6.1,9.8,6.7,10,55.1,27.05,12.5,102.1,114.8
1111,1,13.6,5.1,10,58.65,28.25,10.6,110.5,116.4
1112,1.4,13,3,4.2,61.25,24.45,5.7,115.3,119.4
1113,1,17.5,6.7,2.2,99.6,26.4,2.8,114,121.4
1114,2.7,17.5,1.1,8.5,109,16.6,10.4,123.5,130.2
1115,6.7,17.5,2,15.8,110.6,17,16.3,124.9,136.9
1116,8.1,18,1,15,112,17.7,16.1,127.3,138
1117,3.7,21.6,0.4,9.6,113.1,21.9,11.7,132.4,139.3
1118,3.5,28.3,2.4,5.4,113.1,26.1,8.4,139.3,139.4
1119,2.2,28,1.6,4.5,113.5,29.8,5.5,140.2,141.2
1120,2,28.3,3.6,9.65,109.1,33.05,18.6,137.1,151.9
1121,1,105.4,33.2,8.4,105.4,91.7,16.3,105.4,148.3
1122,4.2,100.3,36.7,8.95,100.3,91.3,14.9,100.3,144.4
1123,5,96,37.4,10.3,96,92.6,15,96,147.7
1124,4.1,91.8,37.9,10.6,91.8,92.9,19.2,91.8,147.5
1125,1.4,88.3,41.2,12.9,88.3,96.8,25,88.3,151.4
1126,2,84,47.5,13.75,84,100.15,25.6,84,151.3
1127,3.8,82.2,48.9,17.55,82.2,104.8,33.5,82.2,159.2
1128,1.5,80.5,51.1,16.8,80.5,105,32.7,80.5,157
1129,2.2,79,51.8,16.65,79,104.55,32,79,155
1130,2.1,75.6,52,15.6,75.6,102.85,31.2,75.6,151.7
1131,2.1,72,52.2,15.5,72,101.15,30.5,72,148.3
1132,2.5,68.4,52.5,16.05,68.4,99.45,29.7,68.4,145
1133,3.4,68.1,52.7,15.45,68.1,99.45,29,68.1,145
1134,3.6,62,53.2,14.45,62,96.55,27.7,62,138.9
1135,2.8,53.3,56,12.7,53.3,93.55,24.8,53.3,130.1
1136,3.6,52,62.9,9.4,52,96.4,18.5,52,129.1
1137,1.8,45.9,70.4,8.2,45.9,97,12.5,45.9,122.9
1138,0.8,39.8,78.1,4.15,39.8,98.95,7.3,39.8,119.6
1139,1.4,35.2,81.3,3.95,35.2,100.05,6.4,35.2,118.6
1140,2.4,30.8,83.9,4,30.8,100.65,7.8,30.8,116.7
1141,3.6,29.4,86.6,5.8,29.4,103.05,11.4,29.4,118.6
1142,0.3,25.4,86.2,6.45,25.4,102.2,11.4,25.4,117.6
1143,0.7,22.5,85.5,7.6,22.5,101.85,15.1,22.5,117.3
1144,4,19.3,85.1,11,19.3,101.45,19.6,19.3,116.5
1145,4,14.8,85.9,14.5,14.8,103.3,20.6,14.8,115
1146,4.5,11.3,85.9,13.65,11.3,103.2,21.2,11.3,110.6
1147,5.7,11.8,85.5,16.3,11.8,104.1,23.1,11.8,109.9
1148,9.2,13,78.9,18.6,13,99,28.9,13,112.8
1149,2.8,9.1,81.2,21.6,9.1,96.5,22.8,9.1,108.8
1150,1.5,6.5,83.6,17,6.5,97.15,18.8,6.5,107.6
1151,4.6,8.1,85.9,12.4,8.1,96.95,16.2,8.1,107.3
1152,5,10.8,90.9,8.65,10.8,98.7,11.1,10.8,106.5
1153,4,9,87.7,6,9,95.1,9.9,9,102.6
1154,3.6,6.3,90.3,6.95,6.3,94.7,13.9,6.3,99
1155,2.2,8.9,93.1,10.65,8.9,99.8,76.2,8.9,160.3
1156,2,18.1,98.6,8.95,18.1,108.95,68,18.1,160.9
1157,3.1,14.4,101.8,7.95,16.4,113.9,63.9,25.5,174.6
1158,1.5,9.6,101.3,7.4,11.7,114.1,59.5,19.1,165.1
1159,2.3,3.6,101.9,7,9.9,115.1,55.4,13.5,156.3
1160,2.5,1.3,102.5,6.05,8.2,113.4,49.8,8.6,147.5
1161,2.2,3.8,104.5,6.3,3.8,111.8,44.3,5.2,142.1
1162,1.4,2.7,105.6,4.95,6.5,111.2,39.5,7,137
1163,1.2,1.9,100.6,4.95,11,111.6,35.1,12.6,133.2
1164,0.2,6.7,92.1,8.8,12.3,109,33.7,19,132.1
1165,1.4,7.6,91,5.1,13.7,107,26,21.3,126.8
1166,1.3,8.8,83.4,6.75,15,100.4,26.3,23.7,119.9
1167,1,8.9,75.7,7.65,18.4,93.6,25.7,26,112.9
1168,4.5,8.1,71.4,9.25,23.3,85.5,26.2,26.8,103.2
1169,4,6.3,69.8,9.5,21.9,80.2,25.9,25.2,96.2
1170,4.5,7.3,61.6,11.2,18,72.9,26.3,24,89
1171,1,1.4,65.8,11.25,23.9,73.5,20.9,24.2,92.8
1172,1.8,3.5,60.2,11.3,18.9,66.6,22.4,22.3,85.4
1173,2.2,4.7,54,11.05,17,58.8,23.1,20.7,79
1174,2.2,3.6,47.4,10.55,20.9,53.7,24,21.4,72.5
1175,2.8,4.2,44.7,11.35,18,48.8,24,22.2,66.3
1176,2.8,7.2,39.8,12.1,13.8,44.9,24,21,60
1177,1,9.6,34.7,12.85,10.3,40.9,24.1,19.8,54
1178,2,5.8,33.6,10.95,17.7,39,22,23.2,52.6
1179,4.1,8.5,29.8,10.15,19.3,36.1,21,26.8,51.5
1180,3.5,11.2,24.7,9.2,20.5,33.4,20,30.4,48.3
1181,3,13.9,19.1,7.8,15.1,30.9,18,27.3,41.1
1182,2.1,9.8,13.7,6.3,14.4,25.1,16,22,33.9
1183,2,5.3,8.5,10.1,13,19.6,17,15.1,32.7
1184,2.1,1.4,9,9.9,8.5,13.2,20.7,9.9,32.3
1185,1,14.1,7.6,10.05,14.1,14.7,27.6,14.1,39.1
1186,3.6,21.2,7.3,13.55,21.2,12.65,34,21.2,40.8
1187,3.4,31.2,6.7,12.35,40.7,28.2,39.6,60,70
1188,2.6,30.5,8.5,10.7,39.2,32.2,44.8,57.6,64.2
1189,4.2,23.8,9.1,12.9,38.2,32,49.8,51,58.9
1190,8.5,17,10.7,17.65,36.1,30.1,48.4,44.3,56.1
1191,12.7,10.8,10,24.65,34.2,28.5,47,38.6,53.8
1192,12.7,5,5.4,27.2,40.55,32.85,46.6,76.1,78.3
1193,13.2,0.8,3.6,29.35,38.3,33.4,44.6,73.7,72.3
1194,8.5,4,3.2,24.6,35.4,31.95,44,70.4,71.8
1195,5.1,4.5,4.3,22.95,33.55,30.2,41,67.1,69.3
1196,3.8,9.2,6,19.1,32.25,28.2,37.8,62.8,66.7
1197,5.5,6.1,7.8,16.4,30,28.15,35,58.5,64.1
1198,5.8,5,8.1,14.65,29.35,26.4,28.2,58,60.6
1199,5,1.6,12.7,12.5,30.65,27.25,24,61.2,57
1200,2.1,5.4,12.4,13.15,31.45,27.75,22.5,62.7,54.4
1201,3.2,3.6,4,11,29.95,24.7,24,59.2,53.7
1202,2.7,2.8,3,15.35,28.8,22.3,25,55.7,57.6
1203,1.1,19,6,14.6,32,19.8,22.5,50.2,55.7
1204,2,16.5,7.3,21.5,28.8,16.6,25.5,45.3,55.5
1205,1.8,12.5,7.3,19.5,27.7,19.4,24.4,39.6,55.1
1206,4.5,9.4,6.4,14.7,28.2,18.4,28.2,36.6,56.1
1207,7.1,8.1,4.5,14.15,28,19.1,30.9,31.9,57
1208,4.1,6,7.1,9.75,27.3,16.8,24.4,27.4,54.2
1209,3,3.6,9.4,9.05,23.8,18.4,22.5,26.9,51.5
1210,3,5,8.6,9.65,18.3,19.1,21.6,21.7,46.5
1211,4.1,7.1,7,10.7,15.5,14.9,19.2,19.8,41.4
1212,4.1,6.7,4.1,7.2,19.8,11.3,16,21.4,37.1
1213,3.2,9.8,5.1,9.3,14.1,14.8,12.2,22,32.5
1214,2,6.1,5.1,10.5,11.7,16.2,13.9,17.8,32.7
1215,3.6,9.1,3.6,9.45,12,12.5,15.6,20.1,31.2
1216,3.2,6.1,4.5,7.75,13.9,13.9,13,19,30.8
1217,5.8,8.2,7.8,7.8,8.9,17.7,11,16.1,29.5
1218,1,13,7.3,4.65,13,16.2,8.1,13,24.7
1219,2.2,8.2,7.1,4.1,8.2,13.35,9.5,8.2,18.6
1220,0.8,9.5,5.1,6.6,9.5,11.1,11.3,9.5,19.5
1221,2.1,10.2,4.1,4.9,10.2,7.4,15.8,10.2,21
1222,1.1,7.9,4.1,7.7,7.9,7.55,23.5,7.9,27.9
1223,0.4,9.4,1,5.95,9.4,7.5,22.1,9.4,28.4
1224,1.2,9.2,0.8,10.4,9.2,8.8,21.1,9.2,27.5
1225,2.2,10.6,2,11.4,10.6,9.8,20.3,10.6,24.8
1226,3,10.6,1,8.2,10.6,10.8,16,10.6,22.5
1227,3.2,8.5,1,8.7,8.5,10.8,13.2,8.5,22
1228,2.5,NA,14.8,4.8,NA,17.7,8.9,NA,22.7
1229,1,NA,13.4,2.2,NA,14.8,4,NA,16.6
1230,1,NA,15,2.9,NA,16.1,5.5,NA,17.8
1231,2.2,NA,14.8,4.15,NA,16.2,6.4,NA,20.8
1232,2.2,NA,7.8,4.9,NA,10,11.2,NA,16.1
1233,1.5,NA,1,5.55,NA,5.3,11.7,NA,9.8
1234,2.3,NA,1.1,8,NA,11.3,13.8,NA,14.6
1235,2,NA,3.2,7.6,NA,8.1,15.8,NA,12.8
1236,4,NA,3.3,8.9,NA,13.1,15.8,NA,17
1237,3,NA,6.3,7.7,NA,13.2,15.7,NA,19.2
1238,4.4,NA,4.4,6.95,NA,12.4,15.6,NA,17.7
1239,1.8,NA,6.4,9,NA,14.9,15.6,NA,19.8
1240,2.6,NA,5.8,10.65,NA,17,16.3,NA,21.9
1241,1.9,NA,2.7,10.25,NA,12.7,16,NA,17.7
1242,1.3,NA,3.9,9.95,NA,13.4,16,NA,18.5
1243,0.7,NA,5.2,9.55,NA,14.1,15.8,NA,19.4
1244,0.3,NA,6.5,9.2,NA,14.8,15.7,NA,20.2
1245,0.8,NA,7.4,8.9,NA,15.5,15.7,NA,21.1
1246,1.4,NA,8.2,8.55,NA,16.1,15.7,NA,21.9
1247,NA,NA,NA,NA,NA,NA,NA,NA,NA
1248,NA,NA,NA,NA,NA,NA,NA,NA,NA
1249,NA,NA,NA,NA,NA,NA,NA,NA,NA
1250,NA,NA,NA,NA,NA,NA,NA,NA,NA
1251,NA,NA,NA,NA,NA,NA,NA,NA,NA
1252,NA,NA,NA,NA,NA,NA,NA,NA,NA
1253,NA,NA,NA,NA,NA,NA,NA,NA,NA
1254,NA,NA,NA,NA,NA,NA,NA,NA,NA
1255,NA,NA,NA,NA,NA,NA,NA,NA,NA
1256,NA,NA,NA,NA,NA,NA,NA,NA,NA
1257,NA,NA,NA,NA,NA,NA,NA,NA,NA
1258,NA,NA,NA,NA,NA,NA,NA,NA,NA
1259,NA,NA,NA,NA,NA,NA,NA,NA,NA
1260,NA,NA,NA,NA,NA,NA,NA,NA,NA
